Date,equity
2018-01-02 00:00:00+00:00,1000000.0
2018-01-03 00:00:00+00:00,1000000.0
2018-01-04 00:00:00+00:00,1000000.0
2018-01-05 00:00:00+00:00,1000000.0
2018-01-08 00:00:00+00:00,1000000.0
2018-01-09 00:00:00+00:00,1000000.0
2018-01-10 00:00:00+00:00,1000000.0
2018-01-11 00:00:00+00:00,1000000.0
2018-01-12 00:00:00+00:00,1000000.0
2018-01-16 00:00:00+00:00,1000000.0
2018-01-17 00:00:00+00:00,1000000.0
2018-01-18 00:00:00+00:00,1000000.0
2018-01-19 00:00:00+00:00,1000000.0
2018-01-22 00:00:00+00:00,1000000.0
2018-01-23 00:00:00+00:00,1000000.0
2018-01-24 00:00:00+00:00,1000000.0
2018-01-25 00:00:00+00:00,1000000.0
2018-01-26 00:00:00+00:00,1000000.0
2018-01-29 00:00:00+00:00,1000000.0
2018-01-30 00:00:00+00:00,1000000.0
2018-01-31 00:00:00+00:00,1000000.0
2018-02-01 00:00:00+00:00,1000000.0
2018-02-02 00:00:00+00:00,1000000.0
2018-02-05 00:00:00+00:00,1000000.0
2018-02-06 00:00:00+00:00,1000000.0
2018-02-07 00:00:00+00:00,1000000.0
2018-02-08 00:00:00+00:00,1000000.0
2018-02-09 00:00:00+00:00,1000000.0
2018-02-12 00:00:00+00:00,1000000.0
2018-02-13 00:00:00+00:00,1000000.0
2018-02-14 00:00:00+00:00,1000000.0
2018-02-15 00:00:00+00:00,1000000.0
2018-02-16 00:00:00+00:00,1000000.0
2018-02-20 00:00:00+00:00,1000000.0
2018-02-21 00:00:00+00:00,1000000.0
2018-02-22 00:00:00+00:00,1000000.0
2018-02-23 00:00:00+00:00,1000000.0
2018-02-26 00:00:00+00:00,1000000.0
2018-02-27 00:00:00+00:00,1000000.0
2018-02-28 00:00:00+00:00,1000000.0
2018-03-01 00:00:00+00:00,1000000.0
2018-03-02 00:00:00+00:00,1000000.0
2018-03-05 00:00:00+00:00,1000000.0
2018-03-06 00:00:00+00:00,1000000.0
2018-03-07 00:00:00+00:00,1000000.0
2018-03-08 00:00:00+00:00,1000000.0
2018-03-09 00:00:00+00:00,1000000.0
2018-03-12 00:00:00+00:00,1000000.0
2018-03-13 00:00:00+00:00,1000000.0
2018-03-14 00:00:00+00:00,1000000.0
2018-03-15 00:00:00+00:00,996608.3955227747
2018-03-16 00:00:00+00:00,999415.1042096033
2018-03-19 00:00:00+00:00,994503.3879086389
2018-03-20 00:00:00+00:00,993801.7027699365
2018-03-21 00:00:00+00:00,995555.9554516687
2018-03-22 00:00:00+00:00,991696.6632878198
2018-03-23 00:00:00+00:00,988539.1359326257
2018-03-26 00:00:00+00:00,993801.7027699365
2018-03-27 00:00:00+00:00,989591.6716076746
2018-03-28 00:00:00+00:00,990086.39174
2018-03-29 00:00:00+00:00,990086.39174
2018-04-02 00:00:00+00:00,990086.39174
2018-04-03 00:00:00+00:00,990086.39174
2018-04-04 00:00:00+00:00,990086.39174
2018-04-05 00:00:00+00:00,988546.3593844018
2018-04-06 00:00:00+00:00,983831.7597063623
2018-04-09 00:00:00+00:00,983831.7597063623
2018-04-10 00:00:00+00:00,984774.7824190698
2018-04-11 00:00:00+00:00,982889.0367601953
2018-04-12 00:00:00+00:00,981003.0341585717
2018-04-13 00:00:00+00:00,977231.5856646142
2018-04-16 00:00:00+00:00,975345.6687105737
2018-04-17 00:00:00+00:00,982889.0367601953
2018-04-18 00:00:00+00:00,993260.7449434838
2018-04-19 00:00:00+00:00,991375.0421084008
2018-04-20 00:00:00+00:00,988546.3593844018
2018-04-23 00:00:00+00:00,990432.0193956933
2018-04-24 00:00:00+00:00,984774.7824190698
2018-04-25 00:00:00+00:00,982889.0367601953
2018-04-26 00:00:00+00:00,988546.3593844018
2018-04-27 00:00:00+00:00,987603.4651430688
2018-04-30 00:00:00+00:00,990432.0193956933
2018-05-01 00:00:00+00:00,989489.2108019433
2018-05-02 00:00:00+00:00,989489.2108019433
2018-05-03 00:00:00+00:00,1006461.3927935205
2018-05-04 00:00:00+00:00,1022490.6805437646
2018-05-07 00:00:00+00:00,1026262.4716280542
2018-05-08 00:00:00+00:00,1018719.1892260156
2018-05-09 00:00:00+00:00,1032980.6252153955
2018-05-10 00:00:00+00:00,1037702.9759996972
2018-05-11 00:00:00+00:00,1034869.5826586328
2018-05-14 00:00:00+00:00,1040536.3265169702
2018-05-15 00:00:00+00:00,1042425.2839602075
2018-05-16 00:00:00+00:00,1048092.1991137109
2018-05-17 00:00:00+00:00,1044314.2842272363
2018-05-18 00:00:00+00:00,1051869.9855288109
2018-05-21 00:00:00+00:00,1054703.4216936668
2018-05-22 00:00:00+00:00,1049036.6778353294
2018-05-23 00:00:00+00:00,1048092.1991137109
2018-05-24 00:00:00+00:00,1047147.4634493432
2018-05-25 00:00:00+00:00,1049981.156556948
2018-05-29 00:00:00+00:00,1052814.5498980125
2018-05-30 00:00:00+00:00,1066037.0807055077
2018-05-31 00:00:00+00:00,1064147.9519671043
2018-06-01 00:00:00+00:00,1061314.729921206
2018-06-04 00:00:00+00:00,1064147.9519671043
2018-06-05 00:00:00+00:00,1060370.2511995872
2018-06-06 00:00:00+00:00,1068870.6025179466
2018-06-07 00:00:00+00:00,1071703.9530352196
2018-06-08 00:00:00+00:00,1077370.696893557
2018-06-11 00:00:00+00:00,1075481.7822741112
2018-06-12 00:00:00+00:00,1080204.0902346214
2018-06-13 00:00:00+00:00,1083982.005121096
2018-06-14 00:00:00+00:00,1090593.142053469
2018-06-15 00:00:00+00:00,1109482.7164858421
2018-06-18 00:00:00+00:00,1115149.6316393455
2018-06-19 00:00:00+00:00,1099093.53619562
2018-06-20 00:00:00+00:00,1102871.3654345116
2018-06-21 00:00:00+00:00,1069814.8671206078
2018-06-22 00:00:00+00:00,1067926.0809725365
2018-06-25 00:00:00+00:00,1060370.2511995872
2018-06-26 00:00:00+00:00,1047147.4634493432
2018-06-27 00:00:00+00:00,1043684.6480899999
2018-06-28 00:00:00+00:00,1043684.6480899999
2018-06-29 00:00:00+00:00,1028071.2912158545
2018-07-02 00:00:00+00:00,1033040.9912128027
2018-07-03 00:00:00+00:00,1026083.5283908423
2018-07-05 00:00:00+00:00,1040992.628381687
2018-07-06 00:00:00+00:00,1050931.893175083
2018-07-09 00:00:00+00:00,1054907.5990924414
2018-07-10 00:00:00+00:00,1052919.9264010964
2018-07-11 00:00:00+00:00,1055901.5931720312
2018-07-12 00:00:00+00:00,1061865.1971149023
2018-07-13 00:00:00+00:00,1060871.1129016455
2018-07-16 00:00:00+00:00,1054907.5990924414
2018-07-17 00:00:00+00:00,1057889.491197544
2018-07-18 00:00:00+00:00,1063853.1402072485
2018-07-19 00:00:00+00:00,1064847.1342868384
2018-07-20 00:00:00+00:00,1061865.1971149023
2018-07-23 00:00:00+00:00,1062859.1911944922
2018-07-24 00:00:00+00:00,1048944.0852832373
2018-07-25 00:00:00+00:00,1064847.1342868384
2018-07-26 00:00:00+00:00,1070810.693162876
2018-07-27 00:00:00+00:00,1058883.3951434668
2018-07-30 00:00:00+00:00,1049937.8990954934
2018-07-31 00:00:00+00:00,1052919.9264010964
2018-08-01 00:00:00+00:00,1037016.7872638281
2018-08-02 00:00:00+00:00,1046956.0069903906
2018-08-03 00:00:00+00:00,1038010.6461429175
2018-08-06 00:00:00+00:00,1039998.5892352636
2018-08-07 00:00:00+00:00,1037016.7872638281
2018-08-08 00:00:00+00:00,1045962.2833118017
2018-08-09 00:00:00+00:00,1052034.7687243994
2018-08-10 00:00:00+00:00,1048052.6633166845
2018-08-13 00:00:00+00:00,1047057.3172320898
2018-08-14 00:00:00+00:00,1048052.6633166845
2018-08-15 00:00:00+00:00,1042079.7756061133
2018-08-16 00:00:00+00:00,1046061.8359469946
2018-08-17 00:00:00+00:00,1049048.2347354467
2018-08-20 00:00:00+00:00,1047057.3172320898
2018-08-21 00:00:00+00:00,1046061.8359469946
2018-08-22 00:00:00+00:00,1052034.7687243994
2018-08-23 00:00:00+00:00,1042079.7756061133
2018-08-24 00:00:00+00:00,1048052.6633166845
2018-08-27 00:00:00+00:00,1054026.0016955908
2018-08-28 00:00:00+00:00,1052034.7687243994
2018-08-29 00:00:00+00:00,1061989.897043186
2018-08-30 00:00:00+00:00,1058008.0169696386
2018-08-31 00:00:00+00:00,1061989.897043186
2018-09-04 00:00:00+00:00,1066967.754136997
2018-09-05 00:00:00+00:00,1052034.7687243994
2018-09-06 00:00:00+00:00,1054026.0016955908
2018-09-07 00:00:00+00:00,1050043.896287876
2018-09-10 00:00:00+00:00,1065972.1827182348
2018-09-11 00:00:00+00:00,1069954.197992283
2018-09-12 00:00:00+00:00,1063981.084947544
2018-09-13 00:00:00+00:00,1070949.5440768774
2018-09-14 00:00:00+00:00,1064976.6112994729
2018-09-17 00:00:00+00:00,1058008.0169696386
2018-09-18 00:00:00+00:00,1056016.8290652807
2018-09-19 00:00:00+00:00,1052034.7687243994
2018-09-20 00:00:00+00:00,1053030.3401431616
2018-09-21 00:00:00+00:00,1050043.896287876
2018-09-24 00:00:00+00:00,978366.9002856787
2018-09-25 00:00:00+00:00,987734.60735
2018-09-26 00:00:00+00:00,987734.60735
2018-09-27 00:00:00+00:00,987734.60735
2018-09-28 00:00:00+00:00,987734.60735
2018-10-01 00:00:00+00:00,987734.60735
2018-10-02 00:00:00+00:00,987734.60735
2018-10-03 00:00:00+00:00,987734.60735
2018-10-04 00:00:00+00:00,987734.60735
2018-10-05 00:00:00+00:00,987734.60735
2018-10-08 00:00:00+00:00,987734.60735
2018-10-09 00:00:00+00:00,987734.60735
2018-10-10 00:00:00+00:00,987734.60735
2018-10-11 00:00:00+00:00,987734.60735
2018-10-12 00:00:00+00:00,987734.60735
2018-10-15 00:00:00+00:00,987734.60735
2018-10-16 00:00:00+00:00,987734.60735
2018-10-17 00:00:00+00:00,987734.60735
2018-10-18 00:00:00+00:00,987734.60735
2018-10-19 00:00:00+00:00,987734.60735
2018-10-22 00:00:00+00:00,987734.60735
2018-10-23 00:00:00+00:00,987734.60735
2018-10-24 00:00:00+00:00,987734.60735
2018-10-25 00:00:00+00:00,987734.60735
2018-10-26 00:00:00+00:00,987734.60735
2018-10-29 00:00:00+00:00,987734.60735
2018-10-30 00:00:00+00:00,987734.60735
2018-10-31 00:00:00+00:00,987734.60735
2018-11-01 00:00:00+00:00,987734.60735
2018-11-02 00:00:00+00:00,987734.60735
2018-11-05 00:00:00+00:00,987734.60735
2018-11-06 00:00:00+00:00,987734.60735
2018-11-07 00:00:00+00:00,987734.60735
2018-11-08 00:00:00+00:00,987734.60735
2018-11-09 00:00:00+00:00,987734.60735
2018-11-12 00:00:00+00:00,987734.60735
2018-11-13 00:00:00+00:00,987734.60735
2018-11-14 00:00:00+00:00,987734.60735
2018-11-15 00:00:00+00:00,987734.60735
2018-11-16 00:00:00+00:00,987734.60735
2018-11-19 00:00:00+00:00,987734.60735
2018-11-20 00:00:00+00:00,987734.60735
2018-11-21 00:00:00+00:00,987734.60735
2018-11-23 00:00:00+00:00,987734.60735
2018-11-26 00:00:00+00:00,987734.60735
2018-11-27 00:00:00+00:00,987734.60735
2018-11-28 00:00:00+00:00,987734.60735
2018-11-29 00:00:00+00:00,987734.60735
2018-11-30 00:00:00+00:00,987734.60735
2018-12-03 00:00:00+00:00,987734.60735
2018-12-04 00:00:00+00:00,982641.1998638854
2018-12-06 00:00:00+00:00,989091.3406262145
2018-12-07 00:00:00+00:00,983850.6149182067
2018-12-10 00:00:00+00:00,983044.301784967
2018-12-11 00:00:00+00:00,985463.1136784301
2018-12-12 00:00:00+00:00,987881.9437870727
2018-12-13 00:00:00+00:00,984656.8734059081
2018-12-14 00:00:00+00:00,981834.8685154662
2018-12-17 00:00:00+00:00,979819.213188623
2018-12-18 00:00:00+00:00,981028.6282429443
2018-12-19 00:00:00+00:00,975787.8661045776
2018-12-20 00:00:00+00:00,970547.0857510314
2018-12-21 00:00:00+00:00,958452.9716381774
2018-12-24 00:00:00+00:00,955408.1438499999
2018-12-26 00:00:00+00:00,955408.1438499999
2018-12-27 00:00:00+00:00,955408.1438499999
2018-12-28 00:00:00+00:00,955408.1438499999
2018-12-31 00:00:00+00:00,955408.1438499999
2019-01-02 00:00:00+00:00,955408.1438499999
2019-01-03 00:00:00+00:00,955408.1438499999
2019-01-04 00:00:00+00:00,955408.1438499999
2019-01-07 00:00:00+00:00,955408.1438499999
2019-01-08 00:00:00+00:00,955408.1438499999
2019-01-09 00:00:00+00:00,955408.1438499999
2019-01-10 00:00:00+00:00,955408.1438499999
2019-01-11 00:00:00+00:00,955408.1438499999
2019-01-14 00:00:00+00:00,955408.1438499999
2019-01-15 00:00:00+00:00,955408.1438499999
2019-01-16 00:00:00+00:00,955408.1438499999
2019-01-17 00:00:00+00:00,955408.1438499999
2019-01-18 00:00:00+00:00,953511.3678534667
2019-01-22 00:00:00+00:00,946807.9190238158
2019-01-23 00:00:00+00:00,946472.7291663329
2019-01-24 00:00:00+00:00,943456.1870368163
2019-01-25 00:00:00+00:00,945802.4100287596
2019-01-28 00:00:00+00:00,943456.1870368163
2019-01-29 00:00:00+00:00,943121.0274680296
2019-01-30 00:00:00+00:00,949154.1420157591
2019-01-31 00:00:00+00:00,946137.5998862425
2019-02-01 00:00:00+00:00,951165.1297171752
2019-02-04 00:00:00+00:00,953176.20828468
2019-02-05 00:00:00+00:00,952505.8740027586
2019-02-06 00:00:00+00:00,950830.0307257811
2019-02-07 00:00:00+00:00,948148.6178763548
2019-02-08 00:00:00+00:00,949895.0641043822
2019-02-11 00:00:00+00:00,947544.0706427733
2019-02-12 00:00:00+00:00,948887.4954779784
2019-02-13 00:00:00+00:00,948887.4954779784
2019-02-14 00:00:00+00:00,949559.2078955809
2019-02-15 00:00:00+00:00,953253.6564810912
2019-02-19 00:00:00+00:00,952246.1029990355
2019-02-20 00:00:00+00:00,953589.4824011961
2019-02-21 00:00:00+00:00,954932.8920920531
2019-02-22 00:00:00+00:00,954261.225107495
2019-02-25 00:00:00+00:00,952917.7851279418
2019-02-26 00:00:00+00:00,949559.2078955809
2019-02-27 00:00:00+00:00,949559.2078955809
2019-02-28 00:00:00+00:00,949895.0641043822
2019-03-01 00:00:00+00:00,951910.216501538
2019-03-04 00:00:00+00:00,952246.1029990355
2019-03-05 00:00:00+00:00,953253.6564810912
2019-03-06 00:00:00+00:00,952246.1029990355
2019-03-07 00:00:00+00:00,951910.216501538
2019-03-08 00:00:00+00:00,950230.9203131835
2019-03-11 00:00:00+00:00,951238.5040839354
2019-03-12 00:00:00+00:00,956948.0899222533
2019-03-13 00:00:00+00:00,955268.7937338988
2019-03-14 00:00:00+00:00,956612.2034247557
2019-03-15 00:00:00+00:00,957955.6131156127
2019-03-18 00:00:00+00:00,954261.225107495
2019-03-19 00:00:00+00:00,955940.475862805
2019-03-20 00:00:00+00:00,952917.7851279418
2019-03-21 00:00:00+00:00,951574.3451483885
2019-03-22 00:00:00+00:00,944185.4782660643
2019-03-25 00:00:00+00:00,943656.6460999998
2019-03-26 00:00:00+00:00,943656.6460999998
2019-03-27 00:00:00+00:00,943656.6460999998
2019-03-28 00:00:00+00:00,943656.6460999998
2019-03-29 00:00:00+00:00,943656.6460999998
2019-04-01 00:00:00+00:00,943656.6460999998
2019-04-02 00:00:00+00:00,943656.6460999998
2019-04-03 00:00:00+00:00,943656.6460999998
2019-04-04 00:00:00+00:00,943656.6460999998
2019-04-05 00:00:00+00:00,943656.6460999998
2019-04-08 00:00:00+00:00,943656.6460999998
2019-04-09 00:00:00+00:00,943656.6460999998
2019-04-10 00:00:00+00:00,943656.6460999998
2019-04-11 00:00:00+00:00,943656.6460999998
2019-04-12 00:00:00+00:00,943656.6460999998
2019-04-15 00:00:00+00:00,939000.1556020651
2019-04-16 00:00:00+00:00,937795.5691533957
2019-04-17 00:00:00+00:00,939803.2011648093
2019-04-18 00:00:00+00:00,941007.6608816062
2019-04-22 00:00:00+00:00,944219.698296157
2019-04-23 00:00:00+00:00,945424.2666402732
2019-04-24 00:00:00+00:00,927757.9703374777
2019-04-25 00:00:00+00:00,929939.7094399997
2019-04-26 00:00:00+00:00,929939.7094399997
2019-04-29 00:00:00+00:00,934113.994612656
2019-04-30 00:00:00+00:00,926674.6813802341
2019-05-01 00:00:00+00:00,935353.9267415622
2019-05-02 00:00:00+00:00,921715.1764974216
2019-05-03 00:00:00+00:00,935353.9267415622
2019-05-06 00:00:00+00:00,930394.4218587497
2019-05-07 00:00:00+00:00,915515.795393906
2019-05-08 00:00:00+00:00,917995.4919271091
2019-05-09 00:00:00+00:00,915758.8842610935
2019-05-10 00:00:00+00:00,919486.4518880466
2019-05-13 00:00:00+00:00,898364.3886556247
2019-05-14 00:00:00+00:00,900212.0652799996
2019-05-15 00:00:00+00:00,900212.0652799996
2019-05-16 00:00:00+00:00,900212.0652799996
2019-05-17 00:00:00+00:00,900212.0652799996
2019-05-20 00:00:00+00:00,900212.0652799996
2019-05-21 00:00:00+00:00,900212.0652799996
2019-05-22 00:00:00+00:00,900212.0652799996
2019-05-23 00:00:00+00:00,900212.0652799996
2019-05-24 00:00:00+00:00,900212.0652799996
2019-05-28 00:00:00+00:00,900212.0652799996
2019-05-29 00:00:00+00:00,900212.0652799996
2019-05-30 00:00:00+00:00,900212.0652799996
2019-05-31 00:00:00+00:00,900212.0652799996
2019-06-03 00:00:00+00:00,900212.0652799996
2019-06-04 00:00:00+00:00,900212.0652799996
2019-06-05 00:00:00+00:00,900212.0652799996
2019-06-06 00:00:00+00:00,900212.0652799996
2019-06-07 00:00:00+00:00,900212.0652799996
2019-06-10 00:00:00+00:00,900212.0652799996
2019-06-11 00:00:00+00:00,900212.0652799996
2019-06-12 00:00:00+00:00,900212.0652799996
2019-06-13 00:00:00+00:00,900212.0652799996
2019-06-14 00:00:00+00:00,900212.0652799996
2019-06-17 00:00:00+00:00,900212.0652799996
2019-06-18 00:00:00+00:00,900212.0652799996
2019-06-19 00:00:00+00:00,900212.0652799996
2019-06-20 00:00:00+00:00,900212.0652799996
2019-06-21 00:00:00+00:00,900212.0652799996
2019-06-24 00:00:00+00:00,900212.0652799996
2019-06-25 00:00:00+00:00,900212.0652799996
2019-06-26 00:00:00+00:00,900212.0652799996
2019-06-27 00:00:00+00:00,900212.0652799996
2019-06-28 00:00:00+00:00,900212.0652799996
2019-07-01 00:00:00+00:00,904053.8223215647
2019-07-02 00:00:00+00:00,910225.8950296945
2019-07-03 00:00:00+00:00,912797.6074205942
2019-07-05 00:00:00+00:00,914340.6024538584
2019-07-08 00:00:00+00:00,915369.2735239572
2019-07-09 00:00:00+00:00,916912.2222696848
2019-07-10 00:00:00+00:00,920512.6520182199
2019-07-11 00:00:00+00:00,920512.6520182199
2019-07-12 00:00:00+00:00,922569.9478708811
2019-07-15 00:00:00+00:00,921026.9528376169
2019-07-16 00:00:00+00:00,921541.3693758554
2019-07-17 00:00:00+00:00,921026.9528376169
2019-07-18 00:00:00+00:00,921026.9528376169
2019-07-19 00:00:00+00:00,922055.6470514841
2019-07-22 00:00:00+00:00,923084.2718340463
2019-07-23 00:00:00+00:00,921026.9528376169
2019-07-24 00:00:00+00:00,924113.0123354502
2019-07-25 00:00:00+00:00,926170.3776194162
2019-07-26 00:00:00+00:00,930284.9924685068
2019-07-29 00:00:00+00:00,927199.0486895151
2019-07-30 00:00:00+00:00,928227.6966158457
2019-07-31 00:00:00+00:00,932342.3577524729
2019-08-01 00:00:00+00:00,932856.7280031748
2019-08-02 00:00:00+00:00,936457.1114641733
2019-08-05 00:00:00+00:00,921541.3693758554
2019-08-06 00:00:00+00:00,923598.7115160532
2019-08-07 00:00:00+00:00,924627.2900110788
2019-08-08 00:00:00+00:00,928337.8146654672
2019-08-09 00:00:00+00:00,925761.1263643808
2019-08-12 00:00:00+00:00,921638.3186213083
2019-08-13 00:00:00+00:00,923699.6877771921
2019-08-14 00:00:00+00:00,919576.9263216562
2019-08-15 00:00:00+00:00,918030.8300234384
2019-08-16 00:00:00+00:00,923699.6877771921
2019-08-19 00:00:00+00:00,928853.1569544382
2019-08-20 00:00:00+00:00,924215.0532099314
2019-08-21 00:00:00+00:00,927822.5649515695
2019-08-22 00:00:00+00:00,927822.5649515695
2019-08-23 00:00:00+00:00,919061.5840326853
2019-08-26 00:00:00+00:00,923699.6877771921
2019-08-27 00:00:00+00:00,922669.0031992502
2019-08-28 00:00:00+00:00,926276.4223658151
2019-08-29 00:00:00+00:00,930399.183821351
2019-08-30 00:00:00+00:00,928337.8146654672
2019-09-03 00:00:00+00:00,927822.5649515695
2019-09-04 00:00:00+00:00,930399.183821351
2019-09-05 00:00:00+00:00,934006.7187067575
2019-09-06 00:00:00+00:00,932460.5761210031
2019-09-09 00:00:00+00:00,934522.0378519602
2019-09-10 00:00:00+00:00,938129.4338747568
2019-09-11 00:00:00+00:00,944828.953062684
2019-09-12 00:00:00+00:00,942767.6070505686
2019-09-13 00:00:00+00:00,939675.5301729746
2019-09-16 00:00:00+00:00,938644.7530199594
2019-09-17 00:00:00+00:00,943798.2916285105
2019-09-18 00:00:00+00:00,939675.5301729746
2019-09-19 00:00:00+00:00,937098.7492968149
2019-09-20 00:00:00+00:00,932975.9646975107
2019-09-23 00:00:00+00:00,934522.0378519602
2019-09-24 00:00:00+00:00,931429.9146868296
2019-09-25 00:00:00+00:00,936068.0415751047
2019-09-26 00:00:00+00:00,932975.9646975107
2019-09-27 00:00:00+00:00,930399.183821351
2019-09-30 00:00:00+00:00,932975.9646975107
2019-10-01 00:00:00+00:00,928853.1569544382
2019-10-02 00:00:00+00:00,931429.9146868296
2019-10-03 00:00:00+00:00,937614.1841608591
2019-10-04 00:00:00+00:00,939160.0953089304
2019-10-07 00:00:00+00:00,936583.4301516123
2019-10-08 00:00:00+00:00,931945.2801195688
2019-10-09 00:00:00+00:00,932460.5761210031
2019-10-10 00:00:00+00:00,932460.5761210031
2019-10-11 00:00:00+00:00,935552.7224299021
2019-10-14 00:00:00+00:00,936583.4301516123
2019-10-15 00:00:00+00:00,942252.1953302927
2019-10-16 00:00:00+00:00,941736.87618509
2019-10-17 00:00:00+00:00,944313.6570612497
2019-10-18 00:00:00+00:00,941736.87618509
2019-10-21 00:00:00+00:00,941221.5338961191
2019-10-22 00:00:00+00:00,940190.8493181772
2019-10-23 00:00:00+00:00,942767.6070505686
2019-10-24 00:00:00+00:00,943282.9493395395
2019-10-25 00:00:00+00:00,942252.1953302927
2019-10-28 00:00:00+00:00,943282.9493395395
2019-10-29 00:00:00+00:00,938644.7530199594
2019-10-30 00:00:00+00:00,943798.2916285105
2019-10-31 00:00:00+00:00,956681.8951403208
2019-11-01 00:00:00+00:00,961835.4800364084
2019-11-04 00:00:00+00:00,959258.722304017
2019-11-05 00:00:00+00:00,962350.799181611
2019-11-06 00:00:00+00:00,959774.1108805246
2019-11-07 00:00:00+00:00,961478.093966157
2019-11-08 00:00:00+00:00,964059.6887461252
2019-11-11 00:00:00+00:00,969739.4009272165
2019-11-12 00:00:00+00:00,968190.4810892649
2019-11-13 00:00:00+00:00,965608.7011591501
2019-11-14 00:00:00+00:00,970772.0758692331
2019-11-15 00:00:00+00:00,967674.0047556467
2019-11-18 00:00:00+00:00,969223.0634562082
2019-11-19 00:00:00+00:00,970255.6921106882
2019-11-20 00:00:00+00:00,966641.3529573984
2019-11-21 00:00:00+00:00,969739.4009272165
2019-11-22 00:00:00+00:00,961994.4082933969
2019-11-25 00:00:00+00:00,964059.6887461252
2019-11-26 00:00:00+00:00,966641.3529573984
2019-11-27 00:00:00+00:00,968190.4810892649
2019-11-29 00:00:00+00:00,970772.0758692331
2019-12-02 00:00:00+00:00,966125.084917695
2019-12-03 00:00:00+00:00,960445.395880372
2019-12-04 00:00:00+00:00,961107.7880149998
2019-12-05 00:00:00+00:00,956901.5071207103
2019-12-06 00:00:00+00:00,953509.5083643016
2019-12-09 00:00:00+00:00,958032.2240549144
2019-12-10 00:00:00+00:00,960293.7086053905
2019-12-11 00:00:00+00:00,958032.2240549144
2019-12-12 00:00:00+00:00,960293.7086053905
2019-12-13 00:00:00+00:00,963685.6566797313
2019-12-16 00:00:00+00:00,967077.9088464794
2019-12-17 00:00:00+00:00,971600.8272653635
2019-12-18 00:00:00+00:00,977254.3612543163
2019-12-19 00:00:00+00:00,981777.3303552684
2019-12-20 00:00:00+00:00,993084.6010614452
2019-12-23 00:00:00+00:00,982908.1486536083
2019-12-24 00:00:00+00:00,988561.5812784252
2019-12-26 00:00:00+00:00,990822.9644647655
2019-12-27 00:00:00+00:00,988561.5812784252
2019-12-30 00:00:00+00:00,982908.1486536083
2019-12-31 00:00:00+00:00,989692.2982126293
2020-01-02 00:00:00+00:00,987430.8643442211
2020-01-03 00:00:00+00:00,982908.1486536083
2020-01-06 00:00:00+00:00,986300.147410017
2020-01-07 00:00:00+00:00,980646.6641031322
2020-01-08 00:00:00+00:00,979515.7444406566
2020-01-09 00:00:00+00:00,978385.1288705883
2020-01-10 00:00:00+00:00,972731.442835432
2020-01-13 00:00:00+00:00,978385.1288705883
2020-01-14 00:00:00+00:00,985169.4304758129
2020-01-15 00:00:00+00:00,991953.9854913768
2020-01-16 00:00:00+00:00,995345.6801553783
2020-01-17 00:00:00+00:00,991953.9854913768
2020-01-21 00:00:00+00:00,989692.2982126293
2020-01-22 00:00:00+00:00,995345.6801553783
2020-01-23 00:00:00+00:00,990822.9644647655
2020-01-24 00:00:00+00:00,985169.4304758129
2020-01-27 00:00:00+00:00,986300.147410017
2020-01-28 00:00:00+00:00,987430.8643442211
2020-01-29 00:00:00+00:00,981777.3303552684
2020-01-30 00:00:00+00:00,994214.9632211742
2020-01-31 00:00:00+00:00,980646.6641031322
2020-02-03 00:00:00+00:00,991953.9854913768
2020-02-04 00:00:00+00:00,996476.549135786
2020-02-05 00:00:00+00:00,991953.9854913768
2020-02-06 00:00:00+00:00,994214.9632211742
2020-02-07 00:00:00+00:00,985169.4304758129
2020-02-10 00:00:00+00:00,995345.6801553783
2020-02-11 00:00:00+00:00,992287.2707696971
2020-02-12 00:00:00+00:00,997951.1945825634
2020-02-13 00:00:00+00:00,1000216.784380537
2020-02-14 00:00:00+00:00,997951.1945825634
2020-02-18 00:00:00+00:00,1001349.4272333202
2020-02-19 00:00:00+00:00,1002482.3741785106
2020-02-20 00:00:00+00:00,1012677.3255411205
2020-02-21 00:00:00+00:00,1001349.4272333202
2020-02-24 00:00:00+00:00,978694.2894846019
2020-02-25 00:00:00+00:00,971897.7228189525
2020-02-26 00:00:00+00:00,973342.0682549999
2020-02-27 00:00:00+00:00,973342.0682549999
2020-02-28 00:00:00+00:00,973342.0682549999
2020-03-02 00:00:00+00:00,973342.0682549999
2020-03-03 00:00:00+00:00,973342.0682549999
2020-03-04 00:00:00+00:00,973342.0682549999
2020-03-05 00:00:00+00:00,973342.0682549999
2020-03-06 00:00:00+00:00,973342.0682549999
2020-03-09 00:00:00+00:00,973342.0682549999
2020-03-10 00:00:00+00:00,973342.0682549999
2020-03-11 00:00:00+00:00,973342.0682549999
2020-03-12 00:00:00+00:00,973342.0682549999
2020-03-13 00:00:00+00:00,973342.0682549999
2020-03-16 00:00:00+00:00,973342.0682549999
2020-03-17 00:00:00+00:00,973342.0682549999
2020-03-18 00:00:00+00:00,973342.0682549999
2020-03-19 00:00:00+00:00,973342.0682549999
2020-03-20 00:00:00+00:00,973342.0682549999
2020-03-23 00:00:00+00:00,973342.0682549999
2020-03-24 00:00:00+00:00,973342.0682549999
2020-03-25 00:00:00+00:00,973342.0682549999
2020-03-26 00:00:00+00:00,973342.0682549999
2020-03-27 00:00:00+00:00,973342.0682549999
2020-03-30 00:00:00+00:00,973342.0682549999
2020-03-31 00:00:00+00:00,973342.0682549999
2020-04-01 00:00:00+00:00,973342.0682549999
2020-04-02 00:00:00+00:00,973342.0682549999
2020-04-03 00:00:00+00:00,973342.0682549999
2020-04-06 00:00:00+00:00,973342.0682549999
2020-04-07 00:00:00+00:00,973342.0682549999
2020-04-08 00:00:00+00:00,973342.0682549999
2020-04-09 00:00:00+00:00,973342.0682549999
2020-04-13 00:00:00+00:00,973342.0682549999
2020-04-14 00:00:00+00:00,973342.0682549999
2020-04-15 00:00:00+00:00,973342.0682549999
2020-04-16 00:00:00+00:00,973342.0682549999
2020-04-17 00:00:00+00:00,973342.0682549999
2020-04-20 00:00:00+00:00,973342.0682549999
2020-04-21 00:00:00+00:00,973342.0682549999
2020-04-22 00:00:00+00:00,973342.0682549999
2020-04-23 00:00:00+00:00,973342.0682549999
2020-04-24 00:00:00+00:00,973342.0682549999
2020-04-27 00:00:00+00:00,973342.0682549999
2020-04-28 00:00:00+00:00,973342.0682549999
2020-04-29 00:00:00+00:00,973342.0682549999
2020-04-30 00:00:00+00:00,973342.0682549999
2020-05-01 00:00:00+00:00,973342.0682549999
2020-05-04 00:00:00+00:00,973342.0682549999
2020-05-05 00:00:00+00:00,972327.8565836719
2020-05-06 00:00:00+00:00,970873.0139513782
2020-05-07 00:00:00+00:00,968558.0599642566
2020-05-08 00:00:00+00:00,972750.4712038806
2020-05-11 00:00:00+00:00,971109.9723635486
2020-05-12 00:00:00+00:00,966917.5692606738
2020-05-13 00:00:00+00:00,963089.7250719836
2020-05-14 00:00:00+00:00,964365.6812716296
2020-05-15 00:00:00+00:00,965277.0622835925
2020-05-18 00:00:00+00:00,968375.7967806628
2020-05-19 00:00:00+00:00,967282.1119013599
2020-05-20 00:00:00+00:00,963272.0208025745
2020-05-21 00:00:00+00:00,962725.1742945483
2020-05-22 00:00:00+00:00,964730.2239123157
2020-05-26 00:00:00+00:00,967828.958409386
2020-05-27 00:00:00+00:00,973297.3095751575
2020-05-28 00:00:00+00:00,971474.5150042346
2020-05-29 00:00:00+00:00,974026.4192667773
2020-06-01 00:00:00+00:00,976760.5785761646
2020-06-02 00:00:00+00:00,976942.8743067554
2020-06-03 00:00:00+00:00,981864.3626910022
2020-06-04 00:00:00+00:00,985509.9518328479
2020-06-05 00:00:00+00:00,986603.6123019031
2020-06-08 00:00:00+00:00,986785.8836222461
2020-06-09 00:00:00+00:00,983322.6064844897
2020-06-10 00:00:00+00:00,981317.5568667224
2020-06-11 00:00:00+00:00,974573.2657748035
2020-06-12 00:00:00+00:00,976213.7646151355
2020-06-15 00:00:00+00:00,977125.1456270984
2020-06-16 00:00:00+00:00,978036.5510493091
2020-06-17 00:00:00+00:00,977671.9839983752
2020-06-18 00:00:00+00:00,978401.1018267444
2020-06-19 00:00:00+00:00,976578.3072558215
2020-06-22 00:00:00+00:00,976578.3072558215
2020-06-23 00:00:00+00:00,975484.6549235156
2020-06-24 00:00:00+00:00,973297.3095751575
2020-06-25 00:00:00+00:00,974026.4192667773
2020-06-26 00:00:00+00:00,968922.6595621875
2020-06-29 00:00:00+00:00,969377.91975
2020-06-30 00:00:00+00:00,988138.8008142578
2020-07-01 00:00:00+00:00,990293.0932031738
2020-07-02 00:00:00+00:00,984907.5545526611
2020-07-06 00:00:00+00:00,988138.8008142578
2020-07-07 00:00:00+00:00,979522.0639825928
2020-07-08 00:00:00+00:00,978445.0620294678
2020-07-09 00:00:00+00:00,962288.6864801514
2020-07-10 00:00:00+00:00,969828.2771173584
2020-07-13 00:00:00+00:00,957980.2940240967
2020-07-14 00:00:00+00:00,965519.9808221924
2020-07-15 00:00:00+00:00,975693.4690500001
2020-07-16 00:00:00+00:00,975693.4690500001
2020-07-17 00:00:00+00:00,975693.4690500001
2020-07-20 00:00:00+00:00,975693.4690500001
2020-07-21 00:00:00+00:00,975693.4690500001
2020-07-22 00:00:00+00:00,975693.4690500001
2020-07-23 00:00:00+00:00,975693.4690500001
2020-07-24 00:00:00+00:00,975930.3587718129
2020-07-27 00:00:00+00:00,980038.394530785
2020-07-28 00:00:00+00:00,977984.376651299
2020-07-29 00:00:00+00:00,975930.3587718129
2020-07-30 00:00:00+00:00,973876.295047295
2020-07-31 00:00:00+00:00,974389.8510928273
2020-08-03 00:00:00+00:00,973876.295047295
2020-08-04 00:00:00+00:00,976443.8460497975
2020-08-05 00:00:00+00:00,975930.3587718129
2020-08-06 00:00:00+00:00,977114.0316462636
2020-08-07 00:00:00+00:00,980201.9008364796
2020-08-10 00:00:00+00:00,981745.778125298
2020-08-11 00:00:00+00:00,983804.3117404103
2020-08-12 00:00:00+00:00,985862.9141230702
2020-08-13 00:00:00+00:00,981745.778125298
2020-08-14 00:00:00+00:00,980201.9008364796
2020-08-17 00:00:00+00:00,981231.0988764882
2020-08-18 00:00:00+00:00,978657.9547801137
2020-08-19 00:00:00+00:00,974540.8417048573
2020-08-20 00:00:00+00:00,972482.2393221974
2020-08-21 00:00:00+00:00,971967.6288409352
2020-08-24 00:00:00+00:00,973511.5748973012
2020-08-25 00:00:00+00:00,974026.1624560475
2020-08-26 00:00:00+00:00,972482.2393221974
2020-08-27 00:00:00+00:00,976084.7189936757
2020-08-28 00:00:00+00:00,979172.5881838917
2020-08-31 00:00:00+00:00,974540.8417048573
2020-09-01 00:00:00+00:00,972482.2393221974
2020-09-02 00:00:00+00:00,977628.6879725575
2020-09-03 00:00:00+00:00,968879.782573235
2020-09-04 00:00:00+00:00,970645.638645
2020-09-08 00:00:00+00:00,970645.638645
2020-09-09 00:00:00+00:00,970645.638645
2020-09-10 00:00:00+00:00,970645.638645
2020-09-11 00:00:00+00:00,970645.638645
2020-09-14 00:00:00+00:00,970645.638645
2020-09-15 00:00:00+00:00,970645.638645
2020-09-16 00:00:00+00:00,970645.638645
2020-09-17 00:00:00+00:00,970645.638645
2020-09-18 00:00:00+00:00,970645.638645
2020-09-21 00:00:00+00:00,970645.638645
2020-09-22 00:00:00+00:00,970645.638645
2020-09-23 00:00:00+00:00,970645.638645
2020-09-24 00:00:00+00:00,970645.638645
2020-09-25 00:00:00+00:00,970645.638645
2020-09-28 00:00:00+00:00,970645.638645
2020-09-29 00:00:00+00:00,970645.638645
2020-09-30 00:00:00+00:00,970645.638645
2020-10-01 00:00:00+00:00,970645.638645
2020-10-02 00:00:00+00:00,970645.638645
2020-10-05 00:00:00+00:00,970645.638645
2020-10-06 00:00:00+00:00,970645.638645
2020-10-07 00:00:00+00:00,970645.638645
2020-10-08 00:00:00+00:00,970645.638645
2020-10-09 00:00:00+00:00,970645.638645
2020-10-12 00:00:00+00:00,970645.638645
2020-10-13 00:00:00+00:00,970645.638645
2020-10-14 00:00:00+00:00,969491.3315239588
2020-10-15 00:00:00+00:00,969491.3315239588
2020-10-16 00:00:00+00:00,969491.3315239588
2020-10-19 00:00:00+00:00,967219.9455528895
2020-10-20 00:00:00+00:00,968665.3646279017
2020-10-21 00:00:00+00:00,969904.2965775172
2020-10-22 00:00:00+00:00,972588.6751938502
2020-10-23 00:00:00+00:00,972382.1972656886
2020-10-26 00:00:00+00:00,968458.8866997401
2020-10-27 00:00:00+00:00,970936.7322045008
2020-10-28 00:00:00+00:00,966600.4933739344
2020-10-29 00:00:00+00:00,969284.8260040919
2020-10-30 00:00:00+00:00,967219.9455528895
2020-11-02 00:00:00+00:00,968252.3903771082
2020-11-03 00:00:00+00:00,969078.3480759303
2020-11-04 00:00:00+00:00,970523.7671509425
2020-11-05 00:00:00+00:00,974974.6219254176
2020-11-06 00:00:00+00:00,973732.5445213953
2020-11-09 00:00:00+00:00,974146.5488625208
2020-11-10 00:00:00+00:00,972904.4622612635
2020-11-11 00:00:00+00:00,976837.7794190089
2020-11-12 00:00:00+00:00,975388.6630554835
2020-11-13 00:00:00+00:00,978700.9093208949
2020-11-16 00:00:00+00:00,980771.0873795191
2020-11-17 00:00:00+00:00,981599.1420479456
2020-11-18 00:00:00+00:00,979736.0029488245
2020-11-19 00:00:00+00:00,981599.1420479456
2020-11-20 00:00:00+00:00,981806.1718102137
2020-11-23 00:00:00+00:00,984704.4045372645
2020-11-24 00:00:00+00:00,984497.3931694666
2020-11-25 00:00:00+00:00,982841.2562409083
2020-11-27 00:00:00+00:00,984497.3931694666
2020-11-30 00:00:00+00:00,983255.2881737391
2020-12-01 00:00:00+00:00,983876.3222771327
2020-12-02 00:00:00+00:00,982013.2015724818
2020-12-03 00:00:00+00:00,982013.2015724818
2020-12-04 00:00:00+00:00,980150.0348816554
2020-12-07 00:00:00+00:00,983876.3222771327
2020-12-08 00:00:00+00:00,985739.479770724
2020-12-09 00:00:00+00:00,981599.1420479456
2020-12-10 00:00:00+00:00,981185.1193123499
2020-12-11 00:00:00+00:00,981806.1718102137
2020-12-14 00:00:00+00:00,979943.0327110926
2020-12-15 00:00:00+00:00,981185.1193123499
2020-12-16 00:00:00+00:00,980771.0873795191
2020-12-17 00:00:00+00:00,980978.1079445521
2020-12-18 00:00:00+00:00,979528.9915810267
2020-12-21 00:00:00+00:00,979528.9915810267
2020-12-22 00:00:00+00:00,978789.55061
2020-12-23 00:00:00+00:00,978789.55061
2020-12-24 00:00:00+00:00,978789.55061
2020-12-28 00:00:00+00:00,984914.6304711231
2020-12-29 00:00:00+00:00,993303.6758660206
2020-12-30 00:00:00+00:00,993303.6758660206
2020-12-31 00:00:00+00:00,987710.9582299122
2021-01-04 00:00:00+00:00,959747.1215752491
2021-01-05 00:00:00+00:00,951866.8877300002
2021-01-06 00:00:00+00:00,951866.8877300002
2021-01-07 00:00:00+00:00,947745.4180206032
2021-01-08 00:00:00+00:00,923476.8219283791
2021-01-11 00:00:00+00:00,924138.2389000002
2021-01-12 00:00:00+00:00,924138.2389000002
2021-01-13 00:00:00+00:00,924138.2389000002
2021-01-14 00:00:00+00:00,924138.2389000002
2021-01-15 00:00:00+00:00,924138.2389000002
2021-01-19 00:00:00+00:00,924138.2389000002
2021-01-20 00:00:00+00:00,924138.2389000002
2021-01-21 00:00:00+00:00,924138.2389000002
2021-01-22 00:00:00+00:00,924138.2389000002
2021-01-25 00:00:00+00:00,924138.2389000002
2021-01-26 00:00:00+00:00,924138.2389000002
2021-01-27 00:00:00+00:00,924138.2389000002
2021-01-28 00:00:00+00:00,924138.2389000002
2021-01-29 00:00:00+00:00,924138.2389000002
2021-02-01 00:00:00+00:00,924138.2389000002
2021-02-02 00:00:00+00:00,924138.2389000002
2021-02-03 00:00:00+00:00,924138.2389000002
2021-02-04 00:00:00+00:00,924138.2389000002
2021-02-05 00:00:00+00:00,924138.2389000002
2021-02-08 00:00:00+00:00,919694.5633705507
2021-02-09 00:00:00+00:00,920466.5482834231
2021-02-10 00:00:00+00:00,920981.2353027712
2021-02-11 00:00:00+00:00,923039.7552994143
2021-02-12 00:00:00+00:00,922010.4953010927
2021-02-16 00:00:00+00:00,916863.9900368105
2021-02-17 00:00:00+00:00,917893.295651282
2021-02-18 00:00:00+00:00,918407.9598625551
2021-02-19 00:00:00+00:00,917893.295651282
2021-02-22 00:00:00+00:00,918407.9598625551
2021-02-23 00:00:00+00:00,914805.3788078676
2021-02-24 00:00:00+00:00,912468.4267000002
2021-02-25 00:00:00+00:00,912468.4267000002
2021-02-26 00:00:00+00:00,912468.4267000002
2021-03-01 00:00:00+00:00,912468.4267000002
2021-03-02 00:00:00+00:00,912468.4267000002
2021-03-03 00:00:00+00:00,912468.4267000002
2021-03-04 00:00:00+00:00,912468.4267000002
2021-03-05 00:00:00+00:00,912468.4267000002
2021-03-08 00:00:00+00:00,912468.4267000002
2021-03-09 00:00:00+00:00,912468.4267000002
2021-03-10 00:00:00+00:00,912468.4267000002
2021-03-11 00:00:00+00:00,912468.4267000002
2021-03-12 00:00:00+00:00,912468.4267000002
2021-03-15 00:00:00+00:00,912468.4267000002
2021-03-16 00:00:00+00:00,912468.4267000002
2021-03-17 00:00:00+00:00,912468.4267000002
2021-03-18 00:00:00+00:00,908467.8033699221
2021-03-19 00:00:00+00:00,907779.1894783205
2021-03-22 00:00:00+00:00,915698.1958259768
2021-03-23 00:00:00+00:00,913288.0548347658
2021-03-24 00:00:00+00:00,908812.0721687502
2021-03-25 00:00:00+00:00,910189.3304695315
2021-03-26 00:00:00+00:00,912599.4867195315
2021-03-29 00:00:00+00:00,910189.3304695315
2021-03-30 00:00:00+00:00,909156.4020027346
2021-03-31 00:00:00+00:00,908123.4887947268
2021-04-01 00:00:00+00:00,914320.9833015627
2021-04-05 00:00:00+00:00,915353.9117683596
2021-04-06 00:00:00+00:00,916731.1242927737
2021-04-07 00:00:00+00:00,916386.8097175783
2021-04-08 00:00:00+00:00,915698.1958259768
2021-04-09 00:00:00+00:00,917075.4083503908
2021-04-12 00:00:00+00:00,912943.7555183596
2021-04-13 00:00:00+00:00,911910.8270515627
2021-04-14 00:00:00+00:00,914665.2368416018
2021-04-15 00:00:00+00:00,913288.0548347658
2021-04-16 00:00:00+00:00,915698.1958259768
2021-04-19 00:00:00+00:00,914665.2368416018
2021-04-20 00:00:00+00:00,915698.1958259768
2021-04-21 00:00:00+00:00,918452.6666511721
2021-04-22 00:00:00+00:00,915353.9117683596
2021-04-23 00:00:00+00:00,918108.3368171877
2021-04-26 00:00:00+00:00,917419.692408008
2021-04-27 00:00:00+00:00,915698.1958259768
2021-04-28 00:00:00+00:00,907434.9054207033
2021-04-29 00:00:00+00:00,905178.0467000002
2021-04-30 00:00:00+00:00,908771.6881909011
2021-05-03 00:00:00+00:00,904512.2669643996
2021-05-04 00:00:00+00:00,899188.0140270827
2021-05-05 00:00:00+00:00,901317.7718319533
2021-05-06 00:00:00+00:00,901193.9042950002
2021-05-07 00:00:00+00:00,901193.9042950002
2021-05-10 00:00:00+00:00,901193.9042950002
2021-05-11 00:00:00+00:00,901193.9042950002
2021-05-12 00:00:00+00:00,901193.9042950002
2021-05-13 00:00:00+00:00,901193.9042950002
2021-05-14 00:00:00+00:00,901193.9042950002
2021-05-17 00:00:00+00:00,901193.9042950002
2021-05-18 00:00:00+00:00,901193.9042950002
2021-05-19 00:00:00+00:00,901193.9042950002
2021-05-20 00:00:00+00:00,901193.9042950002
2021-05-21 00:00:00+00:00,901193.9042950002
2021-05-24 00:00:00+00:00,901193.9042950002
2021-05-25 00:00:00+00:00,901193.9042950002
2021-05-26 00:00:00+00:00,901193.9042950002
2021-05-27 00:00:00+00:00,901193.9042950002
2021-05-28 00:00:00+00:00,901193.9042950002
2021-06-01 00:00:00+00:00,901193.9042950002
2021-06-02 00:00:00+00:00,901193.9042950002
2021-06-03 00:00:00+00:00,901193.9042950002
2021-06-04 00:00:00+00:00,903291.2892276114
2021-06-07 00:00:00+00:00,907010.0291758841
2021-06-08 00:00:00+00:00,921026.7238551443
2021-06-09 00:00:00+00:00,914161.4122706717
2021-06-10 00:00:00+00:00,909584.5210200613
2021-06-11 00:00:00+00:00,911014.790051586
2021-06-14 00:00:00+00:00,911300.8362704581
2021-06-15 00:00:00+00:00,907868.1804782217
2021-06-16 00:00:00+00:00,905865.8190089529
2021-06-17 00:00:00+00:00,901288.940404064
2021-06-18 00:00:00+00:00,898428.3896952933
2021-06-21 00:00:00+00:00,899000.4947787588
2021-06-22 00:00:00+00:00,900144.6796542471
2021-06-23 00:00:00+00:00,898142.3308306998
2021-06-24 00:00:00+00:00,901574.9739772147
2021-06-25 00:00:00+00:00,904721.5456134146
2021-06-28 00:00:00+00:00,904435.5246859854
2021-06-29 00:00:00+00:00,905579.7601443594
2021-06-30 00:00:00+00:00,905293.6886340445
2021-07-01 00:00:00+00:00,906151.8525821036
2021-07-02 00:00:00+00:00,907868.1804782217
2021-07-06 00:00:00+00:00,905293.6886340445
2021-07-07 00:00:00+00:00,906151.8525821036
2021-07-08 00:00:00+00:00,903005.2430087393
2021-07-09 00:00:00+00:00,905865.8190089529
2021-07-12 00:00:00+00:00,904721.5456134146
2021-07-13 00:00:00+00:00,902719.1967898672
2021-07-14 00:00:00+00:00,904149.4658213919
2021-07-15 00:00:00+00:00,902433.175862438
2021-07-16 00:00:00+00:00,901002.8815394705
2021-07-19 00:00:00+00:00,899572.587216503
2021-07-20 00:00:00+00:00,905007.6550608939
2021-07-21 00:00:00+00:00,905579.7601443594
2021-07-22 00:00:00+00:00,903577.3733836478
2021-07-23 00:00:00+00:00,902147.1043521231
2021-07-26 00:00:00+00:00,900716.822674877
2021-07-27 00:00:00+00:00,908830.5040450003
2021-07-28 00:00:00+00:00,901767.1726955569
2021-07-29 00:00:00+00:00,902189.8509029543
2021-07-30 00:00:00+00:00,901344.4758037722
2021-08-02 00:00:00+00:00,902189.8509029543
2021-08-03 00:00:00+00:00,900499.1941265261
2021-08-04 00:00:00+00:00,899653.91244928
2021-08-05 00:00:00+00:00,903678.473400513
2021-08-06 00:00:00+00:00,903254.8422893679
2021-08-09 00:00:00+00:00,892663.8029293215
2021-08-10 00:00:00+00:00,892834.9829950002
2021-08-11 00:00:00+00:00,892834.9829950002
2021-08-12 00:00:00+00:00,892834.9829950002
2021-08-13 00:00:00+00:00,892834.9829950002
2021-08-16 00:00:00+00:00,892834.9829950002
2021-08-17 00:00:00+00:00,892834.9829950002
2021-08-18 00:00:00+00:00,892834.9829950002
2021-08-19 00:00:00+00:00,892834.9829950002
2021-08-20 00:00:00+00:00,892834.9829950002
2021-08-23 00:00:00+00:00,892834.9829950002
2021-08-24 00:00:00+00:00,892834.9829950002
2021-08-25 00:00:00+00:00,892834.9829950002
2021-08-26 00:00:00+00:00,892834.9829950002
2021-08-27 00:00:00+00:00,892834.9829950002
2021-08-30 00:00:00+00:00,892834.9829950002
2021-08-31 00:00:00+00:00,892834.9829950002
2021-09-01 00:00:00+00:00,892834.9829950002
2021-09-02 00:00:00+00:00,892834.9829950002
2021-09-03 00:00:00+00:00,892834.9829950002
2021-09-07 00:00:00+00:00,892834.9829950002
2021-09-08 00:00:00+00:00,892834.9829950002
2021-09-09 00:00:00+00:00,892834.9829950002
2021-09-10 00:00:00+00:00,892834.9829950002
2021-09-13 00:00:00+00:00,892834.9829950002
2021-09-14 00:00:00+00:00,892834.9829950002
2021-09-15 00:00:00+00:00,892834.9829950002
2021-09-16 00:00:00+00:00,892834.9829950002
2021-09-17 00:00:00+00:00,892834.9829950002
2021-09-20 00:00:00+00:00,892834.9829950002
2021-09-21 00:00:00+00:00,892834.9829950002
2021-09-22 00:00:00+00:00,892834.9829950002
2021-09-23 00:00:00+00:00,892834.9829950002
2021-09-24 00:00:00+00:00,892834.9829950002
2021-09-27 00:00:00+00:00,892834.9829950002
2021-09-28 00:00:00+00:00,892834.9829950002
2021-09-29 00:00:00+00:00,892834.9829950002
2021-09-30 00:00:00+00:00,892834.9829950002
2021-10-01 00:00:00+00:00,892834.9829950002
2021-10-04 00:00:00+00:00,892834.9829950002
2021-10-05 00:00:00+00:00,892834.9829950002
2021-10-06 00:00:00+00:00,892834.9829950002
2021-10-07 00:00:00+00:00,892834.9829950002
2021-10-08 00:00:00+00:00,892834.9829950002
2021-10-11 00:00:00+00:00,892834.9829950002
2021-10-12 00:00:00+00:00,892834.9829950002
2021-10-13 00:00:00+00:00,892834.9829950002
2021-10-14 00:00:00+00:00,892834.9829950002
2021-10-15 00:00:00+00:00,892834.9829950002
2021-10-18 00:00:00+00:00,892834.9829950002
2021-10-19 00:00:00+00:00,892834.9829950002
2021-10-20 00:00:00+00:00,892834.9829950002
2021-10-21 00:00:00+00:00,892834.9829950002
2021-10-22 00:00:00+00:00,892834.9829950002
2021-10-25 00:00:00+00:00,892834.9829950002
2021-10-26 00:00:00+00:00,892834.9829950002
2021-10-27 00:00:00+00:00,892834.9829950002
2021-10-28 00:00:00+00:00,892834.9829950002
2021-10-29 00:00:00+00:00,892834.9829950002
2021-11-01 00:00:00+00:00,892834.9829950002
2021-11-02 00:00:00+00:00,892834.9829950002
2021-11-03 00:00:00+00:00,892834.9829950002
2021-11-04 00:00:00+00:00,889734.1261945094
2021-11-05 00:00:00+00:00,890373.9005170192
2021-11-08 00:00:00+00:00,891973.3644452419
2021-11-09 00:00:00+00:00,891013.7310834255
2021-11-10 00:00:00+00:00,891333.6323056545
2021-11-11 00:00:00+00:00,895492.2638287868
2021-11-12 00:00:00+00:00,896771.8546567287
2021-11-15 00:00:00+00:00,897411.6430402126
2021-11-16 00:00:00+00:00,897411.6430402126
2021-11-17 00:00:00+00:00,897411.6430402126
2021-11-18 00:00:00+00:00,887494.8457608547
2021-11-19 00:00:00+00:00,883336.1720548
2021-11-22 00:00:00+00:00,879817.3429761257
2021-11-23 00:00:00+00:00,883336.1720548
2021-11-24 00:00:00+00:00,883975.974499258
2021-11-26 00:00:00+00:00,882696.3977322902
2021-11-29 00:00:00+00:00,885895.3537106838
2021-11-30 00:00:00+00:00,880457.1313596095
2021-12-01 00:00:00+00:00,877578.0484814967
2021-12-02 00:00:00+00:00,878333.0426150002
2021-12-03 00:00:00+00:00,878333.0426150002
2021-12-06 00:00:00+00:00,878333.0426150002
2021-12-07 00:00:00+00:00,878333.0426150002
2021-12-08 00:00:00+00:00,878333.0426150002
2021-12-09 00:00:00+00:00,878333.0426150002
2021-12-10 00:00:00+00:00,878333.0426150002
2021-12-13 00:00:00+00:00,878333.0426150002
2021-12-14 00:00:00+00:00,878333.0426150002
2021-12-15 00:00:00+00:00,883377.3542399294
2021-12-16 00:00:00+00:00,880954.6020998842
2021-12-17 00:00:00+00:00,883377.3542399294
2021-12-20 00:00:00+00:00,881560.2701678163
2021-12-21 00:00:00+00:00,885194.385066498
2021-12-22 00:00:00+00:00,883377.3542399294
2021-12-23 00:00:00+00:00,886405.8276934511
2021-12-27 00:00:00+00:00,887617.1372065431
2021-12-28 00:00:00+00:00,885194.385066498
2021-12-29 00:00:00+00:00,882771.6329264528
2021-12-30 00:00:00+00:00,885800.1063799745
2021-12-31 00:00:00+00:00,881560.2701678163
2022-01-03 00:00:00+00:00,882165.9382357484
2022-01-04 00:00:00+00:00,870657.9520945436
2022-01-05 00:00:00+00:00,870278.7880850001
2022-01-06 00:00:00+00:00,870278.7880850001
2022-01-07 00:00:00+00:00,870278.7880850001
2022-01-10 00:00:00+00:00,870278.7880850001
2022-01-11 00:00:00+00:00,870278.7880850001
2022-01-12 00:00:00+00:00,870278.7880850001
2022-01-13 00:00:00+00:00,870278.7880850001
2022-01-14 00:00:00+00:00,870278.7880850001
2022-01-18 00:00:00+00:00,870278.7880850001
2022-01-19 00:00:00+00:00,870278.7880850001
2022-01-20 00:00:00+00:00,870278.7880850001
2022-01-21 00:00:00+00:00,870278.7880850001
2022-01-24 00:00:00+00:00,870278.7880850001
2022-01-25 00:00:00+00:00,870278.7880850001
2022-01-26 00:00:00+00:00,870278.7880850001
2022-01-27 00:00:00+00:00,870278.7880850001
2022-01-28 00:00:00+00:00,870278.7880850001
2022-01-31 00:00:00+00:00,870278.7880850001
2022-02-01 00:00:00+00:00,870278.7880850001
2022-02-02 00:00:00+00:00,870278.7880850001
2022-02-03 00:00:00+00:00,870278.7880850001
2022-02-04 00:00:00+00:00,874538.3781597218
2022-02-07 00:00:00+00:00,873610.0918132863
2022-02-08 00:00:00+00:00,875002.5009319386
2022-02-09 00:00:00+00:00,876394.9202510915
2022-02-10 00:00:00+00:00,870160.3437511525
2022-02-11 00:00:00+00:00,867502.2055294118
2022-02-14 00:00:00+00:00,866293.9562465749
2022-02-15 00:00:00+00:00,867018.8956157765
2022-02-16 00:00:00+00:00,866293.9562465749
2022-02-17 00:00:00+00:00,862910.8582546315
2022-02-18 00:00:00+00:00,862910.8582546315
2022-02-22 00:00:00+00:00,862669.2083980641
2022-02-23 00:00:00+00:00,861460.9591152272
2022-02-24 00:00:00+00:00,863635.8078243337
2022-02-25 00:00:00+00:00,866052.296189507
2022-02-28 00:00:00+00:00,866052.296189507
2022-03-01 00:00:00+00:00,864119.1177379689
2022-03-02 00:00:00+00:00,865810.6565334401
2022-03-03 00:00:00+00:00,866535.5959026418
2022-03-04 00:00:00+00:00,866293.9562465749
2022-03-07 00:00:00+00:00,871368.5930339894
2022-03-08 00:00:00+00:00,871368.5930339894
2022-03-09 00:00:00+00:00,867502.2055294118
2022-03-10 00:00:00+00:00,867502.2055294118
2022-03-11 00:00:00+00:00,866777.2559597096
2022-03-14 00:00:00+00:00,866052.296189507
2022-03-15 00:00:00+00:00,867985.5052425466
2022-03-16 00:00:00+00:00,867260.5454723439
2022-03-17 00:00:00+00:00,868227.1448986134
2022-03-18 00:00:00+00:00,870160.3437511525
2022-03-21 00:00:00+00:00,869193.7545253835
2022-03-22 00:00:00+00:00,872093.5324031911
2022-03-23 00:00:00+00:00,871851.9131481252
2022-03-24 00:00:00+00:00,874268.411713799
2022-03-25 00:00:00+00:00,875718.2904522023
2022-03-28 00:00:00+00:00,876684.9000789723
2022-03-29 00:00:00+00:00,877168.1589901051
2022-03-30 00:00:00+00:00,877651.4995052419
2022-03-31 00:00:00+00:00,877168.1589901051
2022-04-01 00:00:00+00:00,876443.229821404
2022-04-04 00:00:00+00:00,878859.7385875783
2022-04-05 00:00:00+00:00,877168.1589901051
2022-04-06 00:00:00+00:00,876201.6003658376
2022-04-07 00:00:00+00:00,875718.2904522023
2022-04-08 00:00:00+00:00,874268.411713799
2022-04-11 00:00:00+00:00,874993.3612835011
2022-04-12 00:00:00+00:00,874751.6808254323
2022-04-13 00:00:00+00:00,874993.3612835011
2022-04-14 00:00:00+00:00,873301.781686028
2022-04-18 00:00:00+00:00,868468.7947551808
2022-04-19 00:00:00+00:00,872093.5324031911
2022-04-20 00:00:00+00:00,872093.5324031911
2022-04-21 00:00:00+00:00,870643.6434642873
2022-04-22 00:00:00+00:00,868227.1448986134
2022-04-25 00:00:00+00:00,868548.9106350001
2022-04-26 00:00:00+00:00,868548.9106350001
2022-04-27 00:00:00+00:00,868548.9106350001
2022-04-28 00:00:00+00:00,868548.9106350001
2022-04-29 00:00:00+00:00,868548.9106350001
2022-05-02 00:00:00+00:00,868548.9106350001
2022-05-03 00:00:00+00:00,868548.9106350001
2022-05-04 00:00:00+00:00,868548.9106350001
2022-05-05 00:00:00+00:00,868548.9106350001
2022-05-06 00:00:00+00:00,868548.9106350001
2022-05-09 00:00:00+00:00,868548.9106350001
2022-05-10 00:00:00+00:00,868548.9106350001
2022-05-11 00:00:00+00:00,868548.9106350001
2022-05-12 00:00:00+00:00,868548.9106350001
2022-05-13 00:00:00+00:00,868548.9106350001
2022-05-16 00:00:00+00:00,868548.9106350001
2022-05-17 00:00:00+00:00,868548.9106350001
2022-05-18 00:00:00+00:00,868548.9106350001
2022-05-19 00:00:00+00:00,868548.9106350001
2022-05-20 00:00:00+00:00,868548.9106350001
2022-05-23 00:00:00+00:00,868548.9106350001
2022-05-24 00:00:00+00:00,868548.9106350001
2022-05-25 00:00:00+00:00,868548.9106350001
2022-05-26 00:00:00+00:00,868548.9106350001
2022-05-27 00:00:00+00:00,868548.9106350001
2022-05-31 00:00:00+00:00,868548.9106350001
2022-06-01 00:00:00+00:00,868548.9106350001
2022-06-02 00:00:00+00:00,868548.9106350001
2022-06-03 00:00:00+00:00,868548.9106350001
2022-06-06 00:00:00+00:00,868548.9106350001
2022-06-07 00:00:00+00:00,867685.2811550684
2022-06-08 00:00:00+00:00,863343.0146145411
2022-06-09 00:00:00+00:00,860086.2918781824
2022-06-10 00:00:00+00:00,857372.3524593897
2022-06-13 00:00:00+00:00,847602.2755741663
2022-06-14 00:00:00+00:00,850021.505235
2022-06-15 00:00:00+00:00,850021.505235
2022-06-16 00:00:00+00:00,850021.505235
2022-06-17 00:00:00+00:00,850021.505235
2022-06-21 00:00:00+00:00,850021.505235
2022-06-22 00:00:00+00:00,850021.505235
2022-06-23 00:00:00+00:00,850021.505235
2022-06-24 00:00:00+00:00,850021.505235
2022-06-27 00:00:00+00:00,850021.505235
2022-06-28 00:00:00+00:00,850021.505235
2022-06-29 00:00:00+00:00,850021.505235
2022-06-30 00:00:00+00:00,850021.505235
2022-07-01 00:00:00+00:00,850021.505235
2022-07-05 00:00:00+00:00,850021.505235
2022-07-06 00:00:00+00:00,850021.505235
2022-07-07 00:00:00+00:00,851833.8976315234
2022-07-08 00:00:00+00:00,853873.8493717883
2022-07-11 00:00:00+00:00,849793.8886860583
2022-07-12 00:00:00+00:00,850133.9163960193
2022-07-13 00:00:00+00:00,851153.8708142017
2022-07-14 00:00:00+00:00,853193.8940609668
2022-07-15 00:00:00+00:00,855233.8601025317
2022-07-18 00:00:00+00:00,855233.8601025317
2022-07-19 00:00:00+00:00,859653.8484982227
2022-07-20 00:00:00+00:00,860673.8458203052
2022-07-21 00:00:00+00:00,861013.8163250659
2022-07-22 00:00:00+00:00,858973.864584801
2022-07-25 00:00:00+00:00,856253.8574246143
2022-07-26 00:00:00+00:00,856253.8574246143
2022-07-27 00:00:00+00:00,858293.8377674792
2022-07-28 00:00:00+00:00,863053.839571831
2022-07-29 00:00:00+00:00,866453.8020428394
2022-08-01 00:00:00+00:00,866453.8020428394
2022-08-02 00:00:00+00:00,866793.8154515002
2022-08-03 00:00:00+00:00,867813.7841709827
2022-08-04 00:00:00+00:00,868223.1445835803
2022-08-05 00:00:00+00:00,863788.6546696399
2022-08-08 00:00:00+00:00,866176.4283283923
2022-08-09 00:00:00+00:00,868223.1445835803
2022-08-10 00:00:00+00:00,869246.5027111743
2022-08-11 00:00:00+00:00,868905.3738011096
2022-08-12 00:00:00+00:00,870610.9325436328
2022-08-15 00:00:00+00:00,870269.7893322681
2022-08-16 00:00:00+00:00,864470.8695858691
2022-08-17 00:00:00+00:00,861741.9384144519
2022-08-18 00:00:00+00:00,860718.6374920581
2022-08-19 00:00:00+00:00,857648.5488079761
2022-08-22 00:00:00+00:00,852872.944285271
2022-08-23 00:00:00+00:00,851984.256695
2022-08-24 00:00:00+00:00,851984.256695
2022-08-25 00:00:00+00:00,851984.256695
2022-08-26 00:00:00+00:00,851984.256695
2022-08-29 00:00:00+00:00,851984.256695
2022-08-30 00:00:00+00:00,851984.256695
2022-08-31 00:00:00+00:00,851984.256695
2022-09-01 00:00:00+00:00,851984.256695
2022-09-02 00:00:00+00:00,851984.256695
2022-09-06 00:00:00+00:00,851984.256695
2022-09-07 00:00:00+00:00,851984.256695
2022-09-08 00:00:00+00:00,851984.256695
2022-09-09 00:00:00+00:00,851984.256695
2022-09-12 00:00:00+00:00,851984.256695
2022-09-13 00:00:00+00:00,851984.256695
2022-09-14 00:00:00+00:00,851984.256695
2022-09-15 00:00:00+00:00,851984.256695
2022-09-16 00:00:00+00:00,851984.256695
2022-09-19 00:00:00+00:00,851984.256695
2022-09-20 00:00:00+00:00,851984.256695
2022-09-21 00:00:00+00:00,851984.256695
2022-09-22 00:00:00+00:00,851984.256695
2022-09-23 00:00:00+00:00,851984.256695
2022-09-26 00:00:00+00:00,851984.256695
2022-09-27 00:00:00+00:00,851984.256695
2022-09-28 00:00:00+00:00,851984.256695
2022-09-29 00:00:00+00:00,851984.256695
2022-09-30 00:00:00+00:00,851984.256695
2022-10-03 00:00:00+00:00,851984.256695
2022-10-04 00:00:00+00:00,851984.256695
2022-10-05 00:00:00+00:00,851984.256695
2022-10-06 00:00:00+00:00,851984.256695
2022-10-07 00:00:00+00:00,851984.256695
2022-10-10 00:00:00+00:00,851984.256695
2022-10-11 00:00:00+00:00,851984.256695
2022-10-12 00:00:00+00:00,851984.256695
2022-10-13 00:00:00+00:00,851984.256695
2022-10-14 00:00:00+00:00,851984.256695
2022-10-17 00:00:00+00:00,851984.256695
2022-10-18 00:00:00+00:00,851984.256695
2022-10-19 00:00:00+00:00,851984.256695
2022-10-20 00:00:00+00:00,851984.256695
2022-10-21 00:00:00+00:00,851984.256695
2022-10-24 00:00:00+00:00,851984.256695
2022-10-25 00:00:00+00:00,853072.647072074
2022-10-26 00:00:00+00:00,851434.4052660437
2022-10-27 00:00:00+00:00,847502.5974581214
2022-10-28 00:00:00+00:00,849468.4876253577
2022-10-31 00:00:00+00:00,845209.0726664038
2022-11-01 00:00:00+00:00,845864.369388816
2022-11-02 00:00:00+00:00,846192.0452234717
2022-11-03 00:00:00+00:00,846847.3007357093
2022-11-04 00:00:00+00:00,849140.8530008765
2022-11-07 00:00:00+00:00,853072.647072074
2022-11-08 00:00:00+00:00,855693.8339617224
2022-11-09 00:00:00+00:00,855167.607506034
2022-11-10 00:00:00+00:00,858127.6107141944
2022-11-11 00:00:00+00:00,859114.2921869727
2022-11-14 00:00:00+00:00,858456.4816439124
2022-11-15 00:00:00+00:00,860100.973659751
2022-11-16 00:00:00+00:00,860429.8308527442
2022-11-17 00:00:00+00:00,856483.1736452552
2022-11-18 00:00:00+00:00,857469.8413813086
2022-11-21 00:00:00+00:00,858785.4075205298
2022-11-22 00:00:00+00:00,860758.7567293616
2022-11-23 00:00:00+00:00,861087.6413958045
2022-11-25 00:00:00+00:00,860758.7567293616
2022-11-28 00:00:00+00:00,857140.9429781409
2022-11-29 00:00:00+00:00,858127.6107141944
2022-11-30 00:00:00+00:00,860758.7567293616
2022-12-01 00:00:00+00:00,858127.6107141944
2022-12-02 00:00:00+00:00,852536.4889643164
2022-12-05 00:00:00+00:00,850563.1534922095
2022-12-06 00:00:00+00:00,849576.485756156
2022-12-07 00:00:00+00:00,848072.5084
2022-12-08 00:00:00+00:00,848072.5084
2022-12-09 00:00:00+00:00,848072.5084
2022-12-12 00:00:00+00:00,848072.5084
2022-12-13 00:00:00+00:00,848072.5084
2022-12-14 00:00:00+00:00,848072.5084
2022-12-15 00:00:00+00:00,848072.5084
2022-12-16 00:00:00+00:00,848072.5084
2022-12-19 00:00:00+00:00,848072.5084
2022-12-20 00:00:00+00:00,848072.5084
2022-12-21 00:00:00+00:00,848072.5084
2022-12-22 00:00:00+00:00,848072.5084
2022-12-23 00:00:00+00:00,848072.5084
2022-12-27 00:00:00+00:00,848072.5084
2022-12-28 00:00:00+00:00,848072.5084
2022-12-29 00:00:00+00:00,848072.5084
2022-12-30 00:00:00+00:00,848072.5084
2023-01-03 00:00:00+00:00,848072.5084
2023-01-04 00:00:00+00:00,848072.5084
2023-01-05 00:00:00+00:00,848072.5084
2023-01-06 00:00:00+00:00,848072.5084
2023-01-09 00:00:00+00:00,848072.5084
2023-01-10 00:00:00+00:00,848072.5084
2023-01-11 00:00:00+00:00,848072.5084
2023-01-12 00:00:00+00:00,848072.5084
2023-01-13 00:00:00+00:00,848072.5084
2023-01-17 00:00:00+00:00,848072.5084
2023-01-18 00:00:00+00:00,848072.5084
2023-01-19 00:00:00+00:00,848072.5084
2023-01-20 00:00:00+00:00,848072.5084
2023-01-23 00:00:00+00:00,848072.5084
2023-01-24 00:00:00+00:00,848072.5084
2023-01-25 00:00:00+00:00,848072.5084
2023-01-26 00:00:00+00:00,848072.5084
2023-01-27 00:00:00+00:00,848072.5084
2023-01-30 00:00:00+00:00,848072.5084
2023-01-31 00:00:00+00:00,848072.5084
2023-02-01 00:00:00+00:00,848072.5084
2023-02-02 00:00:00+00:00,848072.5084
2023-02-03 00:00:00+00:00,848072.5084
2023-02-06 00:00:00+00:00,848072.5084
2023-02-07 00:00:00+00:00,848072.5084
2023-02-08 00:00:00+00:00,848072.5084
2023-02-09 00:00:00+00:00,848072.5084
2023-02-10 00:00:00+00:00,848072.5084
2023-02-13 00:00:00+00:00,848072.5084
2023-02-14 00:00:00+00:00,848072.5084
2023-02-15 00:00:00+00:00,848072.5084
2023-02-16 00:00:00+00:00,848072.5084
2023-02-17 00:00:00+00:00,848072.5084
2023-02-21 00:00:00+00:00,848072.5084
2023-02-22 00:00:00+00:00,848072.5084
2023-02-23 00:00:00+00:00,848072.5084
2023-02-24 00:00:00+00:00,848072.5084
2023-02-27 00:00:00+00:00,848072.5084
2023-02-28 00:00:00+00:00,848072.5084
2023-03-01 00:00:00+00:00,848072.5084
2023-03-02 00:00:00+00:00,848072.5084
2023-03-03 00:00:00+00:00,848072.5084
2023-03-06 00:00:00+00:00,848072.5084
2023-03-07 00:00:00+00:00,848072.5084
2023-03-08 00:00:00+00:00,848072.5084
2023-03-09 00:00:00+00:00,848072.5084
2023-03-10 00:00:00+00:00,848072.5084
2023-03-13 00:00:00+00:00,848072.5084
2023-03-14 00:00:00+00:00,848072.5084
2023-03-15 00:00:00+00:00,848072.5084
2023-03-16 00:00:00+00:00,848072.5084
2023-03-17 00:00:00+00:00,848072.5084
2023-03-20 00:00:00+00:00,848072.5084
2023-03-21 00:00:00+00:00,848072.5084
2023-03-22 00:00:00+00:00,848072.5084
2023-03-23 00:00:00+00:00,848072.5084
2023-03-24 00:00:00+00:00,848072.5084
2023-03-27 00:00:00+00:00,848072.5084
2023-03-28 00:00:00+00:00,848072.5084
2023-03-29 00:00:00+00:00,848072.5084
2023-03-30 00:00:00+00:00,848072.5084
2023-03-31 00:00:00+00:00,848072.5084
2023-04-03 00:00:00+00:00,848072.5084
2023-04-04 00:00:00+00:00,848072.5084
2023-04-05 00:00:00+00:00,848072.5084
2023-04-06 00:00:00+00:00,848072.5084
2023-04-10 00:00:00+00:00,848072.5084
2023-04-11 00:00:00+00:00,848072.5084
2023-04-12 00:00:00+00:00,848072.5084
2023-04-13 00:00:00+00:00,848072.5084
2023-04-14 00:00:00+00:00,848072.5084
2023-04-17 00:00:00+00:00,848072.5084
2023-04-18 00:00:00+00:00,848072.5084
2023-04-19 00:00:00+00:00,848072.5084
2023-04-20 00:00:00+00:00,848072.5084
2023-04-21 00:00:00+00:00,848072.5084
2023-04-24 00:00:00+00:00,848072.5084
2023-04-25 00:00:00+00:00,848072.5084
2023-04-26 00:00:00+00:00,848072.5084
2023-04-27 00:00:00+00:00,848072.5084
2023-04-28 00:00:00+00:00,848072.5084
2023-05-01 00:00:00+00:00,848072.5084
2023-05-02 00:00:00+00:00,848072.5084
2023-05-03 00:00:00+00:00,848072.5084
2023-05-04 00:00:00+00:00,848072.5084
2023-05-05 00:00:00+00:00,848072.5084
2023-05-08 00:00:00+00:00,848072.5084
2023-05-09 00:00:00+00:00,848072.5084
2023-05-10 00:00:00+00:00,848072.5084
2023-05-11 00:00:00+00:00,848072.5084
2023-05-12 00:00:00+00:00,848072.5084
2023-05-15 00:00:00+00:00,848072.5084
2023-05-16 00:00:00+00:00,848072.5084
2023-05-17 00:00:00+00:00,848072.5084
2023-05-18 00:00:00+00:00,848072.5084
2023-05-19 00:00:00+00:00,848072.5084
2023-05-22 00:00:00+00:00,848072.5084
2023-05-23 00:00:00+00:00,848072.5084
2023-05-24 00:00:00+00:00,848072.5084
2023-05-25 00:00:00+00:00,848072.5084
2023-05-26 00:00:00+00:00,848072.5084
2023-05-30 00:00:00+00:00,848072.5084
2023-05-31 00:00:00+00:00,848072.5084
2023-06-01 00:00:00+00:00,848072.5084
2023-06-02 00:00:00+00:00,848072.5084
2023-06-05 00:00:00+00:00,848072.5084
2023-06-06 00:00:00+00:00,848072.5084
2023-06-07 00:00:00+00:00,848072.5084
2023-06-08 00:00:00+00:00,848072.5084
2023-06-09 00:00:00+00:00,848072.5084
2023-06-12 00:00:00+00:00,848072.5084
2023-06-13 00:00:00+00:00,848072.5084
2023-06-14 00:00:00+00:00,845199.4431083985
2023-06-15 00:00:00+00:00,847877.38903125
2023-06-16 00:00:00+00:00,852786.9903496094
2023-06-20 00:00:00+00:00,844306.7883232422
2023-06-21 00:00:00+00:00,840289.8233574219
2023-06-22 00:00:00+00:00,844306.7883232422
2023-06-23 00:00:00+00:00,847877.38903125
2023-06-26 00:00:00+00:00,851448.0450371094
2023-06-27 00:00:00+00:00,859481.9012382813
2023-06-28 00:00:00+00:00,867515.7758720703
2023-06-29 00:00:00+00:00,870193.7402275391
2023-06-30 00:00:00+00:00,879120.3065117188
2023-07-03 00:00:00+00:00,883583.5435722657
2023-07-05 00:00:00+00:00,880459.2886894532
2023-07-06 00:00:00+00:00,875103.3784111328
2023-07-07 00:00:00+00:00,875549.705803711
2023-07-10 00:00:00+00:00,882690.9072197266
2023-07-11 00:00:00+00:00,890278.4728935547
2023-07-12 00:00:00+00:00,891617.4366386719
2023-07-13 00:00:00+00:00,895188.0742119141
2023-07-14 00:00:00+00:00,888939.453850586
2023-07-17 00:00:00+00:00,897419.7111748047
2023-07-18 00:00:00+00:00,913041.1330498047
2023-07-19 00:00:00+00:00,921967.66246875
2023-07-20 00:00:00+00:00,1025515.5069511719
2023-07-21 00:00:00+00:00,992933.6810234375
2023-07-24 00:00:00+00:00,944730.3594902344
2023-07-25 00:00:00+00:00,905899.8947685547
2023-07-26 00:00:00+00:00,895188.0742119141
2023-07-27 00:00:00+00:00,891617.4366386719
2023-07-28 00:00:00+00:00,905007.2399833985
2023-07-31 00:00:00+00:00,904560.9310234375
2023-08-01 00:00:00+00:00,899205.0023125
2023-08-02 00:00:00+00:00,898312.3475273438
2023-08-03 00:00:00+00:00,899205.0023125
2023-08-04 00:00:00+00:00,892510.0914238282
2023-08-07 00:00:00+00:00,892689.5145195313
2023-08-08 00:00:00+00:00,893138.0722587891
2023-08-09 00:00:00+00:00,895829.4002617188
2023-08-10 00:00:00+00:00,894035.1877373047
2023-08-11 00:00:00+00:00,889998.1680839844
2023-08-14 00:00:00+00:00,887755.3978203125
2023-08-15 00:00:00+00:00,888203.9555595703
2023-08-16 00:00:00+00:00,884166.9543388672
2023-08-17 00:00:00+00:00,878784.2799003907
2023-08-18 00:00:00+00:00,878569.314
2023-08-21 00:00:00+00:00,878569.314
2023-08-22 00:00:00+00:00,878569.314
2023-08-23 00:00:00+00:00,878569.314
2023-08-24 00:00:00+00:00,878569.314
2023-08-25 00:00:00+00:00,878569.314
2023-08-28 00:00:00+00:00,878569.314
2023-08-29 00:00:00+00:00,878569.314
2023-08-30 00:00:00+00:00,878569.314
2023-08-31 00:00:00+00:00,878569.314
2023-09-01 00:00:00+00:00,878569.314
2023-09-05 00:00:00+00:00,878569.314
2023-09-06 00:00:00+00:00,878569.314
2023-09-07 00:00:00+00:00,878569.314
2023-09-08 00:00:00+00:00,878569.314
2023-09-11 00:00:00+00:00,878569.314
2023-09-12 00:00:00+00:00,878569.314
2023-09-13 00:00:00+00:00,878569.314
2023-09-14 00:00:00+00:00,878569.314
2023-09-15 00:00:00+00:00,878569.314
2023-09-18 00:00:00+00:00,878569.314
2023-09-19 00:00:00+00:00,878569.314
2023-09-20 00:00:00+00:00,878569.314
2023-09-21 00:00:00+00:00,878569.314
2023-09-22 00:00:00+00:00,878569.314
2023-09-25 00:00:00+00:00,878569.314
2023-09-26 00:00:00+00:00,878569.314
2023-09-27 00:00:00+00:00,878569.314
2023-09-28 00:00:00+00:00,878569.314
2023-09-29 00:00:00+00:00,878569.314
2023-10-02 00:00:00+00:00,878569.314
2023-10-03 00:00:00+00:00,878569.314
2023-10-04 00:00:00+00:00,878569.314
2023-10-05 00:00:00+00:00,878569.314
2023-10-06 00:00:00+00:00,878569.314
2023-10-09 00:00:00+00:00,878569.314
2023-10-10 00:00:00+00:00,878569.314
2023-10-11 00:00:00+00:00,878569.314
2023-10-12 00:00:00+00:00,878173.213024646
2023-10-13 00:00:00+00:00,882288.3700757325
2023-10-16 00:00:00+00:00,882130.0938039124
2023-10-17 00:00:00+00:00,880230.7850461304
2023-10-18 00:00:00+00:00,878331.4762883484
2023-10-19 00:00:00+00:00,877698.3842091858
2023-10-20 00:00:00+00:00,876273.8912587464
2023-10-23 00:00:00+00:00,876432.1675305665
2023-10-24 00:00:00+00:00,875799.0819554627
2023-10-25 00:00:00+00:00,874532.8652768433
2023-10-26 00:00:00+00:00,872475.2802472413
2023-10-27 00:00:00+00:00,870734.260769397
2023-10-30 00:00:00+00:00,871304.80345
2023-10-31 00:00:00+00:00,871304.80345
2023-11-01 00:00:00+00:00,890336.7723018115
2023-11-02 00:00:00+00:00,905712.3563014453
2023-11-03 00:00:00+00:00,936463.2294475024
2023-11-06 00:00:00+00:00,914510.2706386035
2023-11-07 00:00:00+00:00,914510.2706386035
2023-11-08 00:00:00+00:00,911418.3556300586
2023-11-09 00:00:00+00:00,912448.9939662402
2023-11-10 00:00:00+00:00,906265.0375834887
2023-11-13 00:00:00+00:00,910387.7172938769
2023-11-14 00:00:00+00:00,933062.0555430835
2023-11-15 00:00:00+00:00,963981.668969292
2023-11-16 00:00:00+00:00,957797.7968303149
2023-11-17 00:00:00+00:00,952644.4787837451
2023-11-20 00:00:00+00:00,958828.4351664966
2023-11-21 00:00:00+00:00,928939.5021983569
2023-11-22 00:00:00+00:00,934092.7781230395
2023-11-24 00:00:00+00:00,937184.6510096972
2023-11-27 00:00:00+00:00,926878.1834041064
2023-11-28 00:00:00+00:00,918632.9082271045
2023-11-29 00:00:00+00:00,913479.5901805346
2023-11-30 00:00:00+00:00,911418.3556300586
2023-12-01 00:00:00+00:00,932031.4172069018
2023-12-04 00:00:00+00:00,899050.4428645556
2023-12-05 00:00:00+00:00,895474.14036
2023-12-06 00:00:00+00:00,880278.91284427
2023-12-07 00:00:00+00:00,919678.6338907178
2023-12-08 00:00:00+00:00,907142.4255510266
2023-12-11 00:00:00+00:00,975196.6821390088
2023-12-12 00:00:00+00:00,1025341.8814607556
2023-12-13 00:00:00+00:00,1048623.7144609387
2023-12-14 00:00:00+00:00,1095187.1608835156
2023-12-15 00:00:00+00:00,1043250.938726991
2023-12-18 00:00:00+00:00,1012805.5267358716
2023-12-19 00:00:00+00:00,1052205.4673601086
2023-12-20 00:00:00+00:00,1012805.5267358716
2023-12-21 00:00:00+00:00,1057578.2430940564
2023-12-22 00:00:00+00:00,1055787.293451875
2023-12-26 00:00:00+00:00,1061160.0691858227
2023-12-27 00:00:00+00:00,1057578.2430940564
2023-12-28 00:00:00+00:00,1066532.6985345776
2023-12-29 00:00:00+00:00,1055787.293451875
2024-01-02 00:00:00+00:00,1059369.046351045
2024-01-03 00:00:00+00:00,1050414.5909105237
2024-01-04 00:00:00+00:00,1048623.7144609387
2024-01-05 00:00:00+00:00,1053996.3438096936
2024-01-08 00:00:00+00:00,1057578.2430940564
2024-01-09 00:00:00+00:00,1043250.938726991
2024-01-10 00:00:00+00:00,1037878.2361856396
2024-01-11 00:00:00+00:00,1014596.5495706494
2024-01-12 00:00:00+00:00,1009223.7738367016
2024-01-16 00:00:00+00:00,1002060.1948457654
2024-01-17 00:00:00+00:00,988624.53105
2024-01-18 00:00:00+00:00,1004741.871529005
2024-01-19 00:00:00+00:00,1010985.667080305
2024-01-22 00:00:00+00:00,1010985.667080305
2024-01-23 00:00:00+00:00,1013066.960617445
2024-01-24 00:00:00+00:00,1010985.667080305
2024-01-25 00:00:00+00:00,1005782.4545024852
2024-01-26 00:00:00+00:00,1002660.5779918651
2024-01-29 00:00:00+00:00,996416.6548503856
2024-01-30 00:00:00+00:00,978725.7661098461
2024-01-31 00:00:00+00:00,979279.8294649998
2024-02-01 00:00:00+00:00,979279.8294649998
2024-02-02 00:00:00+00:00,983946.0853633238
2024-02-05 00:00:00+00:00,980853.8903407408
2024-02-06 00:00:00+00:00,984491.3524549998
2024-02-07 00:00:00+00:00,984491.3524549998
2024-02-08 00:00:00+00:00,984491.3524549998
2024-02-09 00:00:00+00:00,984491.3524549998
2024-02-12 00:00:00+00:00,984491.3524549998
2024-02-13 00:00:00+00:00,984491.3524549998
2024-02-14 00:00:00+00:00,984491.3524549998
2024-02-15 00:00:00+00:00,984491.3524549998
2024-02-16 00:00:00+00:00,984491.3524549998
2024-02-20 00:00:00+00:00,984491.3524549998
2024-02-21 00:00:00+00:00,984491.3524549998
2024-02-22 00:00:00+00:00,984491.3524549998
2024-02-23 00:00:00+00:00,984491.3524549998
2024-02-26 00:00:00+00:00,984491.3524549998
2024-02-27 00:00:00+00:00,984491.3524549998
2024-02-28 00:00:00+00:00,984491.3524549998
2024-02-29 00:00:00+00:00,984491.3524549998
2024-03-01 00:00:00+00:00,984491.3524549998
2024-03-04 00:00:00+00:00,984491.3524549998
2024-03-05 00:00:00+00:00,984491.3524549998
2024-03-06 00:00:00+00:00,984491.3524549998
2024-03-07 00:00:00+00:00,984491.3524549998
2024-03-08 00:00:00+00:00,984491.3524549998
2024-03-11 00:00:00+00:00,984491.3524549998
2024-03-12 00:00:00+00:00,984491.3524549998
2024-03-13 00:00:00+00:00,984491.3524549998
2024-03-14 00:00:00+00:00,984491.3524549998
2024-03-15 00:00:00+00:00,984491.3524549998
2024-03-18 00:00:00+00:00,984491.3524549998
2024-03-19 00:00:00+00:00,984491.3524549998
2024-03-20 00:00:00+00:00,984491.3524549998
2024-03-21 00:00:00+00:00,984491.3524549998
2024-03-22 00:00:00+00:00,984491.3524549998
2024-03-25 00:00:00+00:00,984491.3524549998
2024-03-26 00:00:00+00:00,984491.3524549998
2024-03-27 00:00:00+00:00,984491.3524549998
2024-03-28 00:00:00+00:00,984491.3524549998
2024-04-01 00:00:00+00:00,984491.3524549998
2024-04-02 00:00:00+00:00,984491.3524549998
2024-04-03 00:00:00+00:00,984491.3524549998
2024-04-04 00:00:00+00:00,984491.3524549998
2024-04-05 00:00:00+00:00,984491.3524549998
2024-04-08 00:00:00+00:00,984491.3524549998
2024-04-09 00:00:00+00:00,984491.3524549998
2024-04-10 00:00:00+00:00,984491.3524549998
2024-04-11 00:00:00+00:00,984491.3524549998
2024-04-12 00:00:00+00:00,984491.3524549998
2024-04-15 00:00:00+00:00,984491.3524549998
2024-04-16 00:00:00+00:00,984491.3524549998
2024-04-17 00:00:00+00:00,984491.3524549998
2024-04-18 00:00:00+00:00,984491.3524549998
2024-04-19 00:00:00+00:00,984491.3524549998
2024-04-22 00:00:00+00:00,984491.3524549998
2024-04-23 00:00:00+00:00,984491.3524549998
2024-04-24 00:00:00+00:00,984491.3524549998
2024-04-25 00:00:00+00:00,984491.3524549998
2024-04-26 00:00:00+00:00,984491.3524549998
2024-04-29 00:00:00+00:00,984491.3524549998
2024-04-30 00:00:00+00:00,984491.3524549998
2024-05-01 00:00:00+00:00,984491.3524549998
2024-05-02 00:00:00+00:00,984491.3524549998
2024-05-03 00:00:00+00:00,984491.3524549998
2024-05-06 00:00:00+00:00,984491.3524549998
2024-05-07 00:00:00+00:00,984491.3524549998
2024-05-08 00:00:00+00:00,984491.3524549998
2024-05-09 00:00:00+00:00,984491.3524549998
2024-05-10 00:00:00+00:00,984491.3524549998
2024-05-13 00:00:00+00:00,984491.3524549998
2024-05-14 00:00:00+00:00,984491.3524549998
2024-05-15 00:00:00+00:00,984491.3524549998
2024-05-16 00:00:00+00:00,984491.3524549998
2024-05-17 00:00:00+00:00,984491.3524549998
2024-05-20 00:00:00+00:00,984491.3524549998
2024-05-21 00:00:00+00:00,984491.3524549998
2024-05-22 00:00:00+00:00,984491.3524549998
2024-05-23 00:00:00+00:00,984491.3524549998
2024-05-24 00:00:00+00:00,984491.3524549998
2024-05-28 00:00:00+00:00,984491.3524549998
2024-05-29 00:00:00+00:00,984491.3524549998
2024-05-30 00:00:00+00:00,984491.3524549998
2024-05-31 00:00:00+00:00,984491.3524549998
2024-06-03 00:00:00+00:00,984491.3524549998
2024-06-04 00:00:00+00:00,984491.3524549998
2024-06-05 00:00:00+00:00,984491.3524549998
2024-06-06 00:00:00+00:00,984491.3524549998
2024-06-07 00:00:00+00:00,984491.3524549998
2024-06-10 00:00:00+00:00,984491.3524549998
2024-06-11 00:00:00+00:00,984491.3524549998
2024-06-12 00:00:00+00:00,984491.3524549998
2024-06-13 00:00:00+00:00,984491.3524549998
2024-06-14 00:00:00+00:00,984491.3524549998
2024-06-17 00:00:00+00:00,984491.3524549998
2024-06-18 00:00:00+00:00,984491.3524549998
2024-06-20 00:00:00+00:00,984491.3524549998
2024-06-21 00:00:00+00:00,984491.3524549998
2024-06-24 00:00:00+00:00,984491.3524549998
2024-06-25 00:00:00+00:00,984491.3524549998
2024-06-26 00:00:00+00:00,984491.3524549998
2024-06-27 00:00:00+00:00,984491.3524549998
2024-06-28 00:00:00+00:00,984491.3524549998
2024-07-01 00:00:00+00:00,984491.3524549998
2024-07-02 00:00:00+00:00,984491.3524549998
2024-07-03 00:00:00+00:00,984491.3524549998
2024-07-05 00:00:00+00:00,988063.3270102061
2024-07-08 00:00:00+00:00,979680.3934889353
2024-07-09 00:00:00+00:00,982960.671504072
2024-07-10 00:00:00+00:00,984418.5793715037
2024-07-11 00:00:00+00:00,986240.956862501
2024-07-12 00:00:00+00:00,988063.3270102061
2024-07-15 00:00:00+00:00,991343.6197119273
2024-07-16 00:00:00+00:00,991161.3738852061
2024-07-17 00:00:00+00:00,989703.4733610667
2024-07-18 00:00:00+00:00,983507.3942976511
2024-07-19 00:00:00+00:00,982596.1945372141
2024-07-22 00:00:00+00:00,984054.1024046458
2024-07-23 00:00:00+00:00,989703.4733610667
2024-07-24 00:00:00+00:00,993165.9972029246
2024-07-25 00:00:00+00:00,991890.3351622141
2024-07-26 00:00:00+00:00,988245.5801802195
2024-07-29 00:00:00+00:00,984965.2948217905
2024-07-30 00:00:00+00:00,984054.1024046458
2024-07-31 00:00:00+00:00,983325.1484709299
2024-08-01 00:00:00+00:00,979315.9165220774
2024-08-02 00:00:00+00:00,977311.3042192972
2024-08-05 00:00:00+00:00,972883.1212049997
2024-08-06 00:00:00+00:00,976358.0504089633
2024-08-07 00:00:00+00:00,980249.5283829013
2024-08-08 00:00:00+00:00,986735.2988716403
2024-08-09 00:00:00+00:00,987651.1037040988
2024-08-12 00:00:00+00:00,966717.820726041
2024-08-13 00:00:00+00:00,969334.4582306186
2024-08-14 00:00:00+00:00,957559.4849220554
2024-08-15 00:00:00+00:00,971951.1480041782
2024-08-16 00:00:00+00:00,969334.4582306186
2024-08-19 00:00:00+00:00,974567.8116432468
2024-08-20 00:00:00+00:00,1002042.7929207126
2024-08-21 00:00:00+00:00,1004659.4826942722
2024-08-22 00:00:00+00:00,987651.1037040988
2024-08-23 00:00:00+00:00,995501.1468902866
2024-08-26 00:00:00+00:00,983726.1474472324
2024-08-27 00:00:00+00:00,990267.8196121494
2024-08-28 00:00:00+00:00,1000734.5003029148
2024-08-29 00:00:00+00:00,1003351.1116730014
2024-08-30 00:00:00+00:00,1007276.1724678318
2024-09-03 00:00:00+00:00,985034.4923340122
2024-09-04 00:00:00+00:00,960176.096292142
2024-09-05 00:00:00+00:00,964954.9384749997
2024-09-06 00:00:00+00:00,964954.9384749997
2024-09-09 00:00:00+00:00,964954.9384749997
2024-09-10 00:00:00+00:00,964954.9384749997
2024-09-11 00:00:00+00:00,964954.9384749997
2024-09-12 00:00:00+00:00,964954.9384749997
2024-09-13 00:00:00+00:00,964954.9384749997
2024-09-16 00:00:00+00:00,964954.9384749997
2024-09-17 00:00:00+00:00,964954.9384749997
2024-09-18 00:00:00+00:00,964954.9384749997
2024-09-19 00:00:00+00:00,964954.9384749997
2024-09-20 00:00:00+00:00,964954.9384749997
2024-09-23 00:00:00+00:00,964954.9384749997
2024-09-24 00:00:00+00:00,964954.9384749997
2024-09-25 00:00:00+00:00,964954.9384749997
2024-09-26 00:00:00+00:00,964954.9384749997
2024-09-27 00:00:00+00:00,964954.9384749997
2024-09-30 00:00:00+00:00,964954.9384749997
2024-10-01 00:00:00+00:00,964954.9384749997
2024-10-02 00:00:00+00:00,964954.9384749997
2024-10-03 00:00:00+00:00,964954.9384749997
2024-10-04 00:00:00+00:00,964954.9384749997
2024-10-07 00:00:00+00:00,964954.9384749997
2024-10-08 00:00:00+00:00,964954.9384749997
2024-10-09 00:00:00+00:00,964954.9384749997
2024-10-10 00:00:00+00:00,964954.9384749997
2024-10-11 00:00:00+00:00,964954.9384749997
2024-10-14 00:00:00+00:00,964954.9384749997
2024-10-15 00:00:00+00:00,964954.9384749997
2024-10-16 00:00:00+00:00,964954.9384749997
2024-10-17 00:00:00+00:00,964954.9384749997
2024-10-18 00:00:00+00:00,964954.9384749997
2024-10-21 00:00:00+00:00,964954.9384749997
2024-10-22 00:00:00+00:00,964954.9384749997
2024-10-23 00:00:00+00:00,964954.9384749997
2024-10-24 00:00:00+00:00,964954.9384749997
2024-10-25 00:00:00+00:00,964954.9384749997
2024-10-28 00:00:00+00:00,966807.5816508066
2024-10-29 00:00:00+00:00,969642.6925230753
2024-10-30 00:00:00+00:00,968453.7638636362
2024-10-31 00:00:00+00:00,965115.6457663309
2024-11-01 00:00:00+00:00,969642.6925230753
2024-11-04 00:00:00+00:00,961777.5276690256
2024-11-05 00:00:00+00:00,964919.7334585916
2024-11-06 00:00:00+00:00,964272.8063193094
2024-11-07 00:00:00+00:00,963903.132363392
2024-11-08 00:00:00+00:00,963949.3336153757
2024-11-11 00:00:00+00:00,970002.7023974191
2024-11-12 00:00:00+00:00,968708.8481188547
2024-11-13 00:00:00+00:00,965659.0722361337
2024-11-14 00:00:00+00:00,968108.1496344339
2024-11-15 00:00:00+00:00,962424.4456740152
2024-11-18 00:00:00+00:00,959282.2581530344
2024-11-19 00:00:00+00:00,958658.5288899997
2024-11-20 00:00:00+00:00,958658.5288899997
2024-11-21 00:00:00+00:00,978637.9950544632
2024-11-22 00:00:00+00:00,993261.490753392
2024-11-25 00:00:00+00:00,1008859.9846632278
2024-11-26 00:00:00+00:00,996511.142189244
2024-11-27 00:00:00+00:00,1006260.2249719894
2024-11-29 00:00:00+00:00,1016984.1132528579
2024-12-02 00:00:00+00:00,1035182.3026163375
2024-12-03 00:00:00+00:00,1029982.7832338607
2024-12-04 00:00:00+00:00,1043956.3871881759
2024-12-05 00:00:00+00:00,1020883.7206709182
2024-12-06 00:00:00+00:00,1061179.6425783432
2024-12-09 00:00:00+00:00,1075153.2465326583
2024-12-10 00:00:00+00:00,960764.7836820877
2024-12-11 00:00:00+00:00,970513.866464833
2024-12-12 00:00:00+00:00,947441.0714723861
2024-12-13 00:00:00+00:00,924693.3829462326
2024-12-16 00:00:00+00:00,923506.0726399996
2024-12-17 00:00:00+00:00,923506.0726399996
2024-12-18 00:00:00+00:00,923506.0726399996
2024-12-19 00:00:00+00:00,923506.0726399996
2024-12-20 00:00:00+00:00,923506.0726399996
2024-12-23 00:00:00+00:00,923506.0726399996
2024-12-24 00:00:00+00:00,923506.0726399996
2024-12-26 00:00:00+00:00,923506.0726399996
2024-12-27 00:00:00+00:00,923506.0726399996
2024-12-30 00:00:00+00:00,923506.0726399996
2024-12-31 00:00:00+00:00,923506.0726399996
2025-01-02 00:00:00+00:00,923506.0726399996
2025-01-03 00:00:00+00:00,923506.0726399996
2025-01-06 00:00:00+00:00,923506.0726399996
2025-01-07 00:00:00+00:00,923506.0726399996
2025-01-08 00:00:00+00:00,923506.0726399996
2025-01-10 00:00:00+00:00,923506.0726399996
2025-01-13 00:00:00+00:00,923506.0726399996
2025-01-14 00:00:00+00:00,923506.0726399996
2025-01-15 00:00:00+00:00,923506.0726399996
2025-01-16 00:00:00+00:00,923506.0726399996
2025-01-17 00:00:00+00:00,923506.0726399996
2025-01-21 00:00:00+00:00,923506.0726399996
2025-01-22 00:00:00+00:00,923506.0726399996
2025-01-23 00:00:00+00:00,923506.0726399996
2025-01-24 00:00:00+00:00,923506.0726399996
2025-01-27 00:00:00+00:00,923506.0726399996
2025-01-28 00:00:00+00:00,923506.0726399996
2025-01-29 00:00:00+00:00,923506.0726399996
2025-01-30 00:00:00+00:00,923506.0726399996
2025-01-31 00:00:00+00:00,923506.0726399996
2025-02-03 00:00:00+00:00,923506.0726399996
2025-02-04 00:00:00+00:00,923506.0726399996
2025-02-05 00:00:00+00:00,923506.0726399996
2025-02-06 00:00:00+00:00,923506.0726399996
2025-02-07 00:00:00+00:00,923506.0726399996
2025-02-10 00:00:00+00:00,924411.0083667305
2025-02-11 00:00:00+00:00,924702.1153003243
2025-02-12 00:00:00+00:00,924229.0594150093
2025-02-13 00:00:00+00:00,926521.5763446358
2025-02-14 00:00:00+00:00,928959.6467410591
2025-02-18 00:00:00+00:00,926812.6832782296
2025-02-19 00:00:00+00:00,922009.3263370064
2025-02-20 00:00:00+00:00,921972.9379703072
2025-02-21 00:00:00+00:00,920371.8142444161
2025-02-24 00:00:00+00:00,921281.5447665718
2025-02-25 00:00:00+00:00,919498.4720889595
2025-02-26 00:00:00+00:00,918115.6856814888
2025-02-27 00:00:00+00:00,917351.5228625801
2025-02-28 00:00:00+00:00,918334.0301181343
2025-03-03 00:00:00+00:00,917788.197499421
2025-03-04 00:00:00+00:00,916369.0084888008
2025-03-05 00:00:00+00:00,914840.6686145333
2025-03-06 00:00:00+00:00,913938.3815599995
2025-03-07 00:00:00+00:00,948926.0173220052
2025-03-10 00:00:00+00:00,930427.8198713674
2025-03-11 00:00:00+00:00,893211.2560266866
2025-03-12 00:00:00+00:00,897390.6908349996
2025-03-13 00:00:00+00:00,875900.7654694502
2025-03-14 00:00:00+00:00,885385.6554549995
2025-03-17 00:00:00+00:00,885385.6554549995
2025-03-18 00:00:00+00:00,885385.6554549995
2025-03-19 00:00:00+00:00,885385.6554549995
2025-03-20 00:00:00+00:00,885385.6554549995
2025-03-21 00:00:00+00:00,885385.6554549995
2025-03-24 00:00:00+00:00,885385.6554549995
2025-03-25 00:00:00+00:00,885385.6554549995
2025-03-26 00:00:00+00:00,885385.6554549995
2025-03-27 00:00:00+00:00,885385.6554549995
2025-03-28 00:00:00+00:00,885385.6554549995
2025-03-31 00:00:00+00:00,885385.6554549995
2025-04-01 00:00:00+00:00,885385.6554549995
2025-04-02 00:00:00+00:00,885385.6554549995
2025-04-03 00:00:00+00:00,885385.6554549995
2025-04-04 00:00:00+00:00,885385.6554549995
2025-04-07 00:00:00+00:00,885385.6554549995
2025-04-08 00:00:00+00:00,885385.6554549995
2025-04-09 00:00:00+00:00,885385.6554549995
2025-04-10 00:00:00+00:00,885385.6554549995
2025-04-11 00:00:00+00:00,885385.6554549995
2025-04-14 00:00:00+00:00,885385.6554549995
2025-04-15 00:00:00+00:00,885385.6554549995
2025-04-16 00:00:00+00:00,885385.6554549995
2025-04-17 00:00:00+00:00,885385.6554549995
2025-04-21 00:00:00+00:00,885385.6554549995
2025-04-22 00:00:00+00:00,885385.6554549995
2025-04-23 00:00:00+00:00,885385.6554549995
2025-04-24 00:00:00+00:00,885385.6554549995
2025-04-25 00:00:00+00:00,885385.6554549995
2025-04-28 00:00:00+00:00,885385.6554549995
2025-04-29 00:00:00+00:00,885385.6554549995
2025-04-30 00:00:00+00:00,885385.6554549995
2025-05-01 00:00:00+00:00,885385.6554549995
2025-05-02 00:00:00+00:00,885385.6554549995
2025-05-05 00:00:00+00:00,885385.6554549995
2025-05-06 00:00:00+00:00,885385.6554549995
2025-05-07 00:00:00+00:00,885385.6554549995
2025-05-08 00:00:00+00:00,885385.6554549995
2025-05-09 00:00:00+00:00,885385.6554549995
2025-05-12 00:00:00+00:00,885385.6554549995
2025-05-13 00:00:00+00:00,885385.6554549995
2025-05-14 00:00:00+00:00,885385.6554549995
2025-05-15 00:00:00+00:00,885385.6554549995
2025-05-16 00:00:00+00:00,885385.6554549995
2025-05-19 00:00:00+00:00,885860.362585312
2025-05-20 00:00:00+00:00,886357.5769102632
2025-05-21 00:00:00+00:00,883125.6549818574
2025-05-22 00:00:00+00:00,883722.3236982881
2025-05-23 00:00:00+00:00,882727.885442978
2025-05-27 00:00:00+00:00,884816.2067396699
2025-05-28 00:00:00+00:00,885462.5834410249
2025-05-29 00:00:00+00:00,885462.5834410249
2025-05-30 00:00:00+00:00,881932.3367598115
2025-06-02 00:00:00+00:00,879844.0058577119
2025-06-03 00:00:00+00:00,881584.2752058564
2025-06-04 00:00:00+00:00,882479.2782805024
2025-06-05 00:00:00+00:00,881534.5576155244
2025-06-06 00:00:00+00:00,883473.7069304048
2025-06-09 00:00:00+00:00,883523.4341261445
2025-06-10 00:00:00+00:00,887550.9047377168
2025-06-11 00:00:00+00:00,886457.0313017427
2025-06-12 00:00:00+00:00,883075.9373915254
2025-06-13 00:00:00+00:00,879993.1778395234
2025-06-16 00:00:00+00:00,883026.2101957856
2025-06-17 00:00:00+00:00,880788.7265226899
2025-06-18 00:00:00+00:00,880987.6160948335
2025-06-20 00:00:00+00:00,882280.3887083589
2025-06-23 00:00:00+00:00,883075.9373915254
2025-06-24 00:00:00+00:00,885562.0282270967
2025-06-25 00:00:00+00:00,885760.9274046479
2025-06-26 00:00:00+00:00,886059.2521574555
2025-06-27 00:00:00+00:00,886307.8593199311
2025-06-30 00:00:00+00:00,888346.4534208833
2025-07-01 00:00:00+00:00,891628.1025450288
2025-07-02 00:00:00+00:00,893219.2095167695
2025-07-03 00:00:00+00:00,894909.761274582
2025-07-07 00:00:00+00:00,891578.3945601045
2025-07-08 00:00:00+00:00,895655.5827620088
2025-07-09 00:00:00+00:00,894810.3164885102
2025-07-10 00:00:00+00:00,895904.1899244844
2025-07-11 00:00:00+00:00,894511.9725248872
2025-07-14 00:00:00+00:00,894959.4692595063
2025-07-15 00:00:00+00:00,892721.9951918183
2025-07-16 00:00:00+00:00,889440.3460676728
2025-07-17 00:00:00+00:00,890633.6738951264
2025-07-18 00:00:00+00:00,891280.0505964814
2025-07-21 00:00:00+00:00,889639.2260344087
2025-07-22 00:00:00+00:00,893020.319944626
2025-07-23 00:00:00+00:00,895257.8132231294
2025-07-24 00:00:00+00:00,894313.0925581513
2025-07-25 00:00:00+00:00,891379.4953825532
2025-07-28 00:00:00+00:00,890733.1186811982
2025-07-29 00:00:00+00:00,890037.0051786958
2025-07-30 00:00:00+00:00,888147.5734541474
2025-07-31 00:00:00+00:00,885878.4784149994
2025-08-01 00:00:00+00:00,891812.4609662506
2025-08-04 00:00:00+00:00,902069.6779996369
2025-08-05 00:00:00+00:00,904867.0803567383
2025-08-06 00:00:00+00:00,886916.9505483124
2025-08-07 00:00:00+00:00,894842.961422107
2025-08-08 00:00:00+00:00,903815.1666413757
2025-08-11 00:00:00+00:00,892718.0128537628
2025-08-12 00:00:00+00:00,894843.0064565155
2025-08-13 00:00:00+00:00,927190.0512372467
2025-08-14 00:00:00+00:00,952689.9294358704
2025-08-15 00:00:00+00:00,941828.8910523865
2025-08-18 00:00:00+00:00,937578.9038468811
2025-08-19 00:00:00+00:00,939467.7820455048
2025-08-20 00:00:00+00:00,921051.1858331177
2025-08-21 00:00:00+00:00,923648.4102441284
2025-08-22 00:00:00+00:00,951745.5128537628
2025-08-25 00:00:00+00:00,943009.4230386231
2025-08-26 00:00:00+00:00,944426.0704289887
2025-08-27 00:00:00+00:00,956703.8012372467
2025-08-28 00:00:00+00:00,949856.6346551392
2025-08-29 00:00:00+00:00,956231.5704289887
2025-09-02 00:00:00+00:00,943717.7692510101
2025-09-03 00:00:00+00:00,953634.3910523865
2025-09-04 00:00:00+00:00,954814.9230386231
2025-09-05 00:00:00+00:00,966148.192230365
2025-09-08 00:00:00+00:00,974884.2820455048
2025-09-09 00:00:00+00:00,971106.5256482575
2025-09-10 00:00:00+00:00,960245.442230365
2025-09-11 00:00:00+00:00,960245.442230365
2025-09-12 00:00:00+00:00,947731.6410523865
2025-09-15 00:00:00+00:00,951509.3974496338
2025-09-16 00:00:00+00:00,947967.7564565155
2025-09-17 00:00:00+00:00,943953.8846551392
2025-09-18 00:00:00+00:00,941120.5448399994
2025-09-19 00:00:00+00:00,943953.8846551392
2025-09-22 00:00:00+00:00,941592.7756482575
2025-09-23 00:00:00+00:00,942301.076826236
2025-09-24 00:00:00+00:00,931203.9230386231
2025-09-25 00:00:00+00:00,927397.4774749994
2025-09-26 00:00:00+00:00,927397.4774749994
2025-09-29 00:00:00+00:00,922966.1246700244
2025-09-30 00:00:00+00:00,942862.6998157458
